driver,age,address,passenger1,passenger2,repaircost,fraudFlag
JOSEPH MCGRATH,24,3 CO$RIB VIEW,JOSEPH GRIFFIN,,approx 3k,FALSE
MARY BRENNAN,53,21 BLACKWATER VIEW,,,approx 2k,FALSE
JOSEPH COLLINS,48,7 SLANEY LODGE,,,approx 2k,FALSE
ROBERT WALSH,40,12 LIFFEY GROVE,,,approx 500,FALSE
KEVIN OCONNELL,27,21 BLACKWATER GLADE,,,approx 500,FALSE
BRIAN CULLEN,38,9 BARROW GLADE,MICHAEL BROWNE,,approx 2k,FALSE
HELEN PHELAN,34,6 BAR&OW GLADE,,,approx 500,FALSE
SEAN KAVANAGH,34,20 LEE LODGE,,,approx 2k,FALSE
PATRICK GRIFFIN,33,4 SHANNON COURT,,,approx 2k,FALSE
MARK MCNAMARA,21,16 SLANEY GLADE,JOHN BUTLER,,approx 500,FALSE
ANNE MARTIN,24,6 SLANEY VIEW,,,approx 500,FALSE
THOMAS OCONNOR,23,9 SHANNON LAWNS,RICHARD OROURKE,LIAM BARRETT,approx 1k,TRUE
PATRICK HIGGINS,55,6 BOYNE DRIVE,STEPHEN HUGHES,,approx 500,FALSE
MARTIN DUNNE,24,2 CAMAC LODGE,,,approx 500,FALSE
WILLIAM HOGAN,74,2 CORRIB LODGE,PAUL MCCORMACK,WILLIAM MCGRATH,approx 1k,FALSE
MARY ROCHE,22,1 SHANNON TERRACE,DAVID POWER,,approx 1k,TRUE
JOSEPH CARROLL,55,14 SUIR GROVE,,,approx 500,FALSE
KEVIN COLLINS,32,15 BLACKWATER VIEW,DAVID CLARKE,,approx 2k,FALSE
ANNE ODONOVAN,44,15 CORRIB PARK,,,approx 500,FALSE
MICHAEL ODONOGHUE,23,2 CAMAC VIEW,JOHN CARROLL,,approx 500,FALSE
DANIEL OREGAN,37,5 DODDER DRIVE,THOMAS HIGGINS,JOHN WALSH,approx 500,FALSE
MARTIN QUINN,82,5 SLANEY PARK,,,approx 1k,FALSE
MARY WHELAN,56,10 SUIR GROVE,,,approx 1k,FALSE
BRIAN ODONOVAN,42,26 LEE LODGE,,,approx 1k,FALSE
PAUL MARTIN,52,9 SEVERN COURT,,,approx 500,FALSE
GERARD CRONIN,70,22 BOYNE PARK,WILLIAM MOORE,,approx 1k,FALSE
BRIAN MCCORMACK,72,27 SUIR GLADE,,,approx 1k,FALSE
JOHN ONEILL,80,8 SUIR PARK,KEVIN MCMAHON,,approx 3k,FALSE
JOSEPH FARRELL,71,1 COR/IB LODGE,,,approx 500,FALSE
JAMES OBRIEN,27,3 BOYNE VIEW,PAUL MOORE,,approx 1k,FALSE
RICHARD PHELAN,34,1 SHANNON LAWNS,RICHARD MCDERMOTT,FRANCIS OROURKE,approx 500,TRUE
NOEL LAWLOR,38,11 BLACKWATER DRIVE,DANIEL OROURKE,HELEN OREGAN,approx 500,TRUE
HELEN OREGAN,32,1 SHANNON TERRACE,DEIRDRE OREGAN,HELEN OREGAN,approx 500,TRUE
DAVID MARTIN,30,20 LIFFEY LODGE,DAVID MCCORMACK,,approx 1k,FALSE
RICHARD CURRAN,31,1 SEVERN LAWNS,SEAN BURKE,DANIEL MCDERMOTT,approx 500,TRUE
THOMAS MURPHY,21,6 DODDER LODGE,,,approx 500,FALSE
KEVIN MOORE,22,20 SUIR PARK,,,approx 1k,FALSE
GERARD OCONNELL,27,3 CORRIB GLADE,,,approx 2k,FALSE
MICHAEL MCCORMACK,41,5 LIFFEY LODGE,,,approx 500,FALSE
ROBERT HOGAN,20,22 SLANEY GROVE,BRIAN OCONNOR,,approx 500,FALSE
STEPHEN MCMAHON,52,2 BARROW LODGE,,,approx 1k,FALSE
LIAM KEOGH,58,27 CAMAC DRIVE,,,approx 3k,FALSE
FRANCIS PHELAN,25,1 DODDER GLADE,,,approx 2k,FALSE
MARY WALSH,42,4 LEE PARK,,,approx 2k,FALSE
DAVID OCONNELL,25,27 SUIR LODGE,,,approx 1k,FALSE
MARIE CLARKE,33,14 BARROW LODGE,,,approx 1k,FALSE
MARIE ODRISCOLL,54,30 CAMAC LODGE,,,approx 1k,FALSE
LIAM OREGAN,42,19 BOYNE VIEW,,,approx 500,FALSE
JOHN CULLEN,30,15 SUIR LODGE,JOHN ONEILL,JAMES BURKE,approx 500,FALSE
KEVIN MAGUIRE,24,27 BARROW LODGE,,,approx 1k,FALSE
PAUL POWER,39,30 BAR%OW DRIVE,,,approx 1k,FALSE
THOMAS MCGRATH,58,24 CAMAC LODGE,,,approx 1k,FALSE
STEPHEN OCONNELL,22,8 SLANEY LODGE,,,approx 500,FALSE
PATRICK OCONNOR,71,7 SUIR PARK,,,approx 500,FALSE
PETER POWER,34,7 BOYNE GLADE,,,approx 2k,FALSE
ANTHONY MCMAHON,70,30 CAMAC DRIVE,,,approx 2k,FALSE
MARK WHELAN,44,17 BLACKWATER LODGE,,,approx 2k,FALSE
BRIAN ONEILL,36,29 BLAC#WATER GROVE,,,approx 2k,FALSE
DEIRDRE MCDERMOTT,40,20 LEE GROVE,,,approx 3k,FALSE
JOHN KAVANAGH,39,23 SUIR PARK,,,approx 3k,FALSE
FRANCIS BARRETT,37,6 SHANNON COURT,DANIEL KELLEHER,,approx 500,TRUE
JAMES GRIFFIN,56,7 SEVERN TERRACE,,,approx 500,FALSE
DANIEL CURRAN,72,18 BOYNE LODGE,GERARD MCDONAGH,,approx 2k,FALSE
ANNE OCONNELL,21,7 THAMES GARDENS,,,approx 2k,FALSE
KEVIN ONEILL,35,27 DODDER GROVE,,,approx 500,FALSE
MICHAEL FARRELL,46,17 DOD/ER LODGE,,,approx 3k,FALSE
ANNE GALLAGHER,34,5 BOYNE GROVE,,,approx 1k,FALSE
KEVIN CULLEN,68,27 BLACKWATER LODGE,MARY MCCORMACK,,approx 1k,FALSE
STEPHEN HUGHES,50,24 DODDER LODGE,,,approx 5!!,FALSE
NOEL OREGAN,61,6 CAMAC DRIVE,THOMAS ODRISCOLL,BRIAN MCNAMARA,approx 500,FALSE
PAUL ODONNELL,22,27 SLANEY DRIVE,,,approx 3k,FALSE
GERARD MCDONAGH,28,28 LIFFEY GROVE,,,approx 500,FALSE
DANIEL LAWLOR,55,9 SEVERN COURT,,,approx 2k,TRUE
BRIAN MAHER,52,5 CAMAC DRIVE,,,approx 2k,FALSE
WILLIAM MCDONAGH,40,19 LEE PARK,,,approx 1k,FALSE
PATRICK GALLAGHER,50,30 LIFFEY DRIVE,,,approx 2k,FALSE
JOSEPH HOGAN,74,25 BOYNE LODGE,,,approx 500,FALSE
JOHN ROCHE,78,15 SLANEY LODGE,,,approx 1k,FALSE
MARY HOGAN,21,18 CAMAC PARK,,,approx 1k,FALSE
JOHN ONEILL,71,18 CORRIB DRIVE,,,approx 1k,FALSE
THOMAS MURPHY,24,29 CAMAC DRIVE,,,approx 500,FALSE
MICHAEL OSHEA,68,7 LEE GROVE,THOMAS ROCHE,,approx 2k,FALSE
SEAN MCDONNELL,43,19 BOYNE VIEW,ROBERT CLARKE,,approx 1k,FALSE
MARIE CARROLL,51,7 SEVERN COURT,PETER FARRELL,,approx 2k,TRUE
MICHAEL CARROLL,50,29 CORRIB VIEW,JOHN KAVANAGH,,approx 1k,FALSE
KEVIN KEANE,20,27 SLANEY PARK,ANNE DUNNE,,approx 3k,FALSE
PETER ONEILL,65,3 SEVERN COURT,PETER ODRISCOLL,,approx 2k,FALSE
BRIAN OKEEFFE,32,24 CORRIB LODGE,PAUL COLLINS,,approx 1k,FALSE
ANTHONY ODRISCOLL,33,18 BLACKWATER GROVE,MARY MURPHY,,approx 2k,FALSE
PETER MCGRATH,25,3 DODDER LODGE,PAUL MCDONNELL,,approx 500,FALSE
JOHN HOGAN,66,13 CORRIB GROVE,,,approx 1k,FALSE
GERARD SMITH,53,19 BOYNE PARK,MARIE COLLINS,,approx 500,FALSE
JAMES HIGGINS,25,12 CAMAC LODGE,,,approx 500,FALSE
PATRICK BROWNE,63,18 SUIR PARK,,,approx 1k,FALSE
PATRICK BURKE,63,30 SUIR GLADE,,,approx 500,FALSE
RICHARD CURRAN,23,24 BOYNE DRIVE,DEIRDRE BARRETT,RICHARD KELLEHER,approx 500,TRUE
STEPHEN ROCHE,45,1 BARROW GROVE,,,approx 2k,FALSE
STEPHEN ODONNELL,24,3 SEVERN TERRACE,STEPHEN WHITE,MARIE WHELAN,approx 1k,TRUE
MICHAEL ODONOVAN,55,3 SLANEY DRIVE,,,approx 500,FALSE
SEAN OCONNELL,59,7 SLANEY PARK,,,approx 500,FALSE
WILLIAM ODRISCOLL,53,18 BARROW PARK,GERARD OBRIEN,ANNE SMITH,approx 1k,FALSE
DAVID BURKE,23,10 SUIR GLADE,,,approx 500,FALSE
JOSEPH OCONNELL,72,26 CAMAC LODGE,STEPHEN SMITH,STEPHEN OKEEFFE,approx 2k,FALSE
ANTHONY CARROLL,50,3 DODDER GROVE,,,approx 2k,FALSE
PATRICK HIGGINS,24,12 BLACK%ATER GLADE,,,approx 1k,FALSE
JOHN DUNNE,20,1 CORRIB GROVE,JAMES MCMAHON,,approx 1k,FALSE
SEAN MCMAHON,28,10 CAMAC DRIVE,,,approx 2k,FALSE
MARY CLARKE,42,28 BARROW GLADE,MARY KAVANAGH,ROBERT OBRIEN,approx 2k,FALSE
JOSEPH OSULLIVAN,42,12 SUIR PARK,,,approx 500,FALSE
PAUL CARROLL,20,10 SLANEY DRIVE,,,approx 1k,FALSE
PATRICK MCNAMARA,24,26 LIFFEY LODGE,MARY ODONOVAN,,approx 1k,FALSE
PETER MOORE,59,6 BARROW VIEW,,,approx 1k,FALSE
PETER FARRELL,67,27 SLANEY LODGE,DEIRDRE OROURKE,,approx 1k,FALSE
DAVID CRONIN,37,16 SL%NEY LODGE,GERARD CLARKE,,approx 1k,FALSE
MARY BRENNAN,40,14 SUIR DRIVE,,,above 3k,FALSE
ANNE MAGUIRE,40,18 LIFFEY LODGE,,,approx 2k,FALSE
MARY ROCHE,66,29 LEE GLADE,,,approx 1k,FALSE
ANNE CLARKE,42,23 LIFFEY LODGE,,,approx 500,FALSE
DANIEL PHELAN,22,11 SEVERN TERRACE,,,approx 2k,TRUE
DEIRDRE CAHILL,28,13 BOYNE GLADE,,,approx 1k,FALSE
ANNE ONEILL,21,23 BARROW DRIVE,,,approx 2k,FALSE
WILLIAM BRENNAN,23,19 BARROW GROVE,MICHAEL BROWNE,MARY ONEILL,approx 2k,FALSE
PAUL MCCORMACK,66,3 BLACKWATER PARK,,,approx 1k,FALSE
MARTIN ONEILL,23,22 DODDER GLADE,,,approx 2k,FALSE
PETER GRIFFIN,48,8 BLACKWATER PARK,,,approx 2k,FALSE
GERARD MCNAMARA,59,3 BLACKWATER VIEW,,,approx 1k,FALSE
PAUL FARRELL,50,14 BARROW LODGE,,,approx 1k,FALSE
PETER BUTLER,48,17 BLACKWATER LODGE,WILLIAM DUNNE,,approx 500,FALSE
BRIAN HOGAN,56,16 SLANEY PARK,ANNE ODONOVAN,,approx 500,FALSE
MARTIN MAHER,26,19 BOYNE LODGE,,,approx 3k,FALSE
DAVID KAVANAGH,49,28 SLANEY GROVE,JOSEPH BURKE,,approx 1k,FALSE
SEAN BRENNAN,49,12 SEVERN GARDENS,,,approx 1k,FALSE
MICHAEL WHITE,62,29 LEE VIEW,,,approx 3k,FALSE
DAVID KAVANAGH,45,20 CAMAC LODGE,,,approx 1k,FALSE
KEVIN MCNAMARA,78,15 LEE LODGE,,,approx 500,FALSE
BRIAN ONEILL,45,4 LIFFEY LODGE,KEVIN MCMAHON,,approx 1k,FALSE
WILLIAM DUNNE,28,5 SUIR LODGE,KEVIN ODRISCOLL,,approx 2k,FALSE
PETER WHITE,39,6 BARROW GLADE,GERARD ONEILL,,approx 1k,FALSE
MARTIN BROWNE,28,4 BARROW GROVE,,,approx 500,FALSE
BRIAN WALSH,20,26 BARROW LODGE,,,approx 500,FALSE
MARTIN CARROLL,54,12 SLANEY LODGE,JAMES OCONNELL,,approx 1k,FALSE
PETER HOGAN,24,16 DODDER GROVE,,,approx 2k,FALSE
JOSEPH OSHEA,36,8 LIFFEY L#DGE,,,approx 3k,FALSE
BRIAN MCDONAGH,26,2 LEE VIEW,MARY BROWNE,,above 3k,FALSE
MARIE MURPHY,27,16 LIFFEY LODGE,,,approx 2k,FALSE
JOHN OSULLIVAN,25,28 CAMAC LODGE,,,approx 500,FALSE
GERARD BROWNE,38,15 BARROW DRIVE,,,approx 500,FALSE
JAMES OBRIEN,27,9 BOYNE VIEW,,,approx 2k,FALSE
STEPHEN CRONIN,59,15 BOYNE LODGE,,,approx 1k,FALSE
MARIE WHITE,28,25 BOYN$ GLADE,WILLIAM ONEILL,,approx 500,FALSE
MARY MCDONAGH,64,9 CAMAC GROVE,,,approx 1k,FALSE
MARK OCONNELL,24,16 LEE GLADE,,,approx 500,FALSE
PETER MARTIN,24,12 SHANNON GARDENS,GERARD BUTLER,,approx 1k,FALSE
HELEN PHELAN,36,8 SHANNON GARDENS,ROBERT QUINN,NOEL CAHILL,approx 500,TRUE
KEVIN BRENNAN,33,28 LEE GROVE,,,approx 1k,FALSE
ANTHONY ODONNELL,27,4 SUIR LODGE,,,approx 500,FALSE
MICHAEL ODONNELL,33,19 SUIR DRIVE,,,approx 3k,FALSE
MICHAEL ODONNELL,65,6 SEVERN LAWNS,,,approx 1k,FALSE
NOEL PHELAN,30,8 SLANEY GLADE,MARY HOGAN,PETER QUINN,approx 1k,FALSE
PETER HUGHES,57,5 SHANNON LAWNS,MARY WHELAN,,approx 3k,FALSE
JAMES NOLAN,77,27 SLANEY DRIVE,MARY MOORE,MARIE MURPHY,approx 2k,FALSE
THOMAS HUGHES,43,29 CORRIB DRIVE,,,approx 500,FALSE
JOHN OSHEA,48,11 SLANEY GROVE,,,approx 1k,FALSE
GERARD CARROLL,35,5 SEVERN LAWNS,,,approx 2k,FALSE
MARTIN OBRIEN,31,17 CORRIB DRIVE,,,approx 500,FALSE
GERARD OKEEFFE,63,15 BLACKWATER GLADE,,,above 3k,FALSE
PATRICK OCONN!LL,49,12 THAMES TERRACE,,,approx 500,FALSE
MARIE KEANE,53,22 CORRIB LODGE,,,approx 1k,FALSE
DAVID ONEILL,22,13 DOD!£R VIEW,,,approx 2k,FALSE
STEPHEN MCCORMACK,44,23 BOYNE VIEW,,,approx 1k,FALSE
MARIE BUTLER,57,16 BOYNE GROVE,,,approx 500,FALSE
MARY COLLINS,20,7 BARROW DRIVE,,,approx 1k,FALSE
WILLIAM OSULLIVAN,59,30 SLANEY LODGE,,,approx 1k,FALSE
STEPHEN OCONNELL,27,15 BOYNE VIEW,,,approx 1k,FALSE
GERARD MURPHY,30,13 BARROW DRIVE,,,approx 500,FALSE
RICHARD BARRETT,41,29 SUIR VIEW,,,approx 500,FALSE
JAMES WALSH,24,12 SHANNON LAWNS,BRIAN OKEEFFE,,approx 1k,FALSE
MARK COLLINS,39,18 DODDER LODGE,HELEN BARRETT,,approx 1k,FALSE
PAUL MARTIN,26,12 LEE PARK,MARY BURKE,,approx 1k,FALSE
ROBERT MCMAHON,23,17 BLAC&*ATER LODGE,,,approx 2k,FALSE
DAVID CRONIN,32,24 DODDER DRIVE,ROBERT WHELAN,,approx 2k,FALSE
HELEN OROURKE,54,4 THAMES COURT,DEIRDRE KEOGH,DANIEL CURRAN,approx 1k,TRUE
MARIE MOORE,51,20 SLANEY GLADE,,,approx 3k,FALSE
GERARD OSULLIVAN,35,5 BOYNE LODGE,FRANCIS CURRAN,,approx 500,TRUE
GERARD DUNNE,46,3 CAMAC VIEW,,,approx 500,FALSE
JOHN MAHER,30,29 CORRIB GLADE,,,above 3k,FALSE
WILLIAM GALLAGHER,38,3 BOYNE GROVE,,,approx 500,FALSE
SEAN OBRIEN,35,25 CAMAC LODGE,,,approx 1k,FALSE
GERARD BURKE,34,15 CAMAC DRIVE,JAMES GALLAGHER,MARY MCMAHON,approx 500,TRUE
THOMAS MCDONNELL,28,16 LEE DRIVE,KEVIN KAVANAGH,,approx 2k,FALSE
ROBERT SHEEHAN,51,5 CAMAC GROVE,,,approx 2k,FALSE
ANTHONY FARRELL,63,4 BOYNE LODGE,,,above 3k,FALSE
JOHN DUNNE,42,24 BOYNE LODGE,GERARD OBRIEN,,approx 1k,FALSE
MICHAEL WHELAN,45,6 CORRIB LODGE,,,approx 3k,FALSE
HELEN OREGAN,33,10 THAMES TERRACE,NOEL MCDERMOTT,,approx 2k,TRUE
PATRICK WHELAN,23,10 LIFFEY DRIVE,SEAN MCCORMACK,,approx 2k,FALSE
MARTIN OSULLIVAN,36,21 LIFFEY GROVE,,,approx 3k,FALSE
MARTIN OCONNELL,39,5 THAMES LAWNS,PETER OCONNELL,,approx 2k,TRUE
GERARD MCGRATH,28,25 BLACKWATER GROVE,,,approx 2k,FALSE
PATRICK KAVANAGH,24,4 BARROW VIEW,,,approx 1k,FALSE
HELEN OROURKE,33,13 SLANEY LODGE,RICHARD OREGAN,HELEN CAHILL,approx 1k,TRUE
JAMES WHELAN,58,25 LEE LODGE,,,approx 1k,FALSE
KEVIN NOLAN,32,4 BARROW PARK,,,approx 3k,FALSE
DAVID HOGAN,71,22 DODDER GROVE,,,approx 1k,FALSE
MARY MCDONAGH,48,6 THAMES COURT,WILLIAM QUINN,RICHARD CURRAN,approx 500,TRUE
PETER GRIFFIN,24,3 BLACKWATER LODGE,,,approx 2k,FALSE
DEIRDRE PHELAN,22,19 CAMAC GLADE,PAUL FARRELL,,approx 2k,FALSE
MARIE GALLAGHER,28,3 SEVERN GARDENS,HELEN LAWLOR,DANIEL KELLEHER,approx 500,TRUE
STEPHEN OCONNELL,40,26 CORRIB LODGE,,,approx 1k,FALSE
ANTHONY MAGUIRE,59,16 SLANEY PARK,,,approx 1k,FALSE
MARY OBRIEN,28,24 SUIR DRIVE,,,approx 2k,FALSE
DEIRDRE PHELAN,43,27 CAMAC DRIVE,,,approx 500,TRUE
JAMES MARTIN,27,3 BLACKWATER VIEW,,,above 3k,FALSE
MARIE QUINN,43,5 LEE PARK,,,approx 2k,FALSE
DAVID MCDONAGH,45,13 BLACKWA^%R PARK,,,approx 500,FALSE
SEAN KEANE,38,17 CAMAC PARK,,,approx 2k,FALSE
PETER GRIFFIN,35,28 DODDER GLADE,,,above 3k,FALSE
SEAN WHITE,49,30 CORRIB VIEW,JAMES MURPHY,MARTIN KAVANAGH,approx 500,FALSE
MARY MCDONNELL,45,2 BLACKWATER VIEW,,,approx 500,FALSE
JAMES SMITH,43,19 SLANEY VIEW,,,approx 1k,FALSE
ROBERT GRIFFIN,66,26 BARROW LODGE,,,approx 3k,FALSE
MICHAEL ROCHE,40,18 LIFFEY PARK,,,approx 2k,FALSE
PAUL MCGRATH,78,7 THAMES GARDENS,,,approx 1k,FALSE
ROBERT MCNAMARA,57,9 SEVERN LAWNS,ROBERT ODONOVAN,,approx 500,FALSE
DAVID ONEILL,75,1 DODDER VIEW,,,approx 1k,FALSE
DEIRDRE KEOGH,39,9 THAMES LAWNS,LIAM BARRETT,DEIRDRE CURRAN,approx 1k,TRUE
ANNE GALLAGHER,34,24 CORRIB PARK,,,approx 500,FALSE
STEPHEN MAHER,27,12 CORRIB LODGE,SEAN GRIFFIN,,approx 2k,FALSE
WILLIAM MCCORMACK,29,22 BLACKWATER PARK,,,approx 500,FALSE
DEIRDRE LAWLOR,26,4 SHANNON TERRACE,RICHARD OROURKE,NOEL OREGAN,approx 500,TRUE
BRIAN MCMAHON,29,28 CAMAC VIEW,,,approx 2k,FALSE
PAUL WHITE,24,22 SLANEY DRIVE,,,approx 1k,FALSE
WILLIAM WALSH,45,10 SLANEY GLADE,,,approx 1k,FALSE
MARY ODONNELL,27,20 SUIR VIEW,DANIEL CAHILL,LIAM OREGAN,approx 2k,TRUE
JOHN CARROLL,84,20 BLACKWATER LODGE,,,approx 2k,FALSE
MARTIN MCMAHON,56,30 CORRIB GLADE,JOHN MCDONNELL,,approx 1k,FALSE
ROBERT MURPHY,63,15 LIFFEY PARK,BRIAN BURKE,,approx 2k,FALSE
MARY BURKE,81,9 CAMAC VIEW,,,approx 500,FALSE
ANNE MCGRATH,20,19 DODDER VIEW,,,approx 1k,FALSE
PAUL ODRISCOLL,66,27 LEE VIEW,,,above 3k,FALSE
WILLIAM WHITE,45,11 SUIR GROVE,,,above 3k,FALSE
ANTHONY SMITH,21,8 SLANEY LODGE,,,approx 2k,FALSE
MICHAEL MCCORMACK,67,12 SEVERN COURT,,,approx 500,FALSE
GERARD BUTLER,23,12 SHANNON GARDENS,ANNE QUINN,DEIRDRE PHELAN,approx 500,TRUE
WILLIAM ROCHE,42,4 LEE PARK,,,approx 1k,FALSE
ANNE CLARKE,20,16 CAMAC PARK,,,approx 2k,FALSE
STEPHEN BUTLER,28,16 CORRIB LODGE,,,approx 1k,FALSE
STEPHEN ROCHE,49,19 BARROW LODGE,,,approx 2k,FALSE
THOMAS MURPHY,40,1 CORRIB LODGE,,,approx 500,FALSE
PETER MCDONAGH,58,18 SLANEY GLADE,,,approx 2k,FALSE
PAUL MCCORMACK,33,5 BLACKWATER PARK,GERARD BROWNE,,approx 1k,FALSE
JOSEPH GALLAGHER,48,13 CAMAC DRIVE,,,approx 1k,FALSE
THOMAS MCMAHON,35,11 BLACKWATER VIEW,WILLIAM CLARKE,,approx 1k,FALSE
MARTIN MAHER,37,15 LIFFEY DRIVE,JOHN ODONOVAN,,approx 1k,FALSE
LIAM BARRETT,36,18 DODDER VIEW,,,approx 500,FALSE
LIAM KEOGH,30,2 SEVERN GARDENS,LIAM MCDERMOTT,,approx 1k,TRUE
JOHN MCCORMACK,25,8 BOYNE LODGE,BRIAN GALLAGHER,,above 3k,FALSE
ANTHONY DUNNE,70,7 CAMAC VIEW,,,approx 1k,FALSE
PETER MORAN,33,8 SHANNON GARDENS,,,approx 2k,FALSE
MICHAEL OSULLIVAN,30,14 DODDER LODGE,,,approx 1k,FALSE
PETER ODRISCOLL,46,26 LIFFEY DRIVE,,,approx 2k,FALSE
STEPHEN FARRELL,31,4 SLANEY LODGE,,,approx 500,FALSE
MARY DUNNE,42,29 LIFFEY PARK,,,approx 1k,FALSE
HELEN LAWLOR,26,4 SHANNON COURT,,,approx 1k,FALSE
MARY POWER,56,15 SLANEY LODGE,,,above 3k,FALSE
BRIAN BRENNAN,74,30 BARROW LODGE,,,approx 1k,FALSE
MARY CULLEN,21,19 BARROW LODGE,,,approx 2k,FALSE
JOHN ODONOGHUE,39,5 SEVERN GARDENS,,,approx 1k,FALSE
KEVIN BROWNE,57,27 CORRIB PARK,,,approx 1k,FALSE
THOMAS MCNAMARA,59,1 CAMAC LODGE,SEAN MCNAMARA,,approx 500,FALSE
MARK ODONOGHUE,51,23 SLANEY DRIVE,JOHN QUINN,,approx 2k,FALSE
JOSEPH BUTLER,39,5 LEE GLADE,,,approx 1k,FALSE
BRIAN MURPHY,20,5 BARR$( GLADE,,,approx 1k,FALSE
PATRICK MCCORMACK,48,30 BARROW DRIVE,MARIE MORAN,,approx 3k,FALSE
DAVID CLARKE,34,7 SLANEY DRIVE,,,approx 2k,FALSE
JAMES KEANE,54,3 SUIR GLADE,,,approx 500,FALSE
WILLIAM BRENNAN,39,5 CORRIB GLADE,,,approx 3k,FALSE
MICHAEL ODONOGHUE,79,17 SLANEY GLADE,,,approx 2k,FALSE
DAVID MOORE,40,9 BARROW DRIVE,JOHN CRONIN,,approx 1k,FALSE
MARY MCMAHON,66,29 SUIR VIEW,JOHN BROWNE,,approx 2k,FALSE
JOHN SHEEHAN,56,20 BOYNE DRIVE,BRIAN SMITH,,approx 500,FALSE
MARIE OBRIEN,33,27 SLANEY LODGE,,,approx 1k,FALSE
ROBERT OSULLIVAN,81,27 SUIR LODGE,,,approx 1k,FALSE
WILLIAM BURKE,42,15 SLANEY DRIVE,KEVIN OBRIEN,,approx 2k,FALSE
MARIE OSULLIVAN,66,10 SHANNON COURT,DAVID OSHEA,,approx 3k,FALSE
ANNE KEANE,62,22 CAMAC LODGE,,,approx 2k,FALSE
MARY ONEILL,37,4 SLANEY GROVE,JOSEPH OBRIEN,,approx 500,FALSE
MARK H!GGINS,40,21 CORRIB PARK,,,approx 500,FALSE
MARY ODONOGHUE,23,17 BARROW LODGE,,,approx 1k,FALSE
LIAM CAHILL,69,9 SHANNON GARDENS,ANNE MCCORMACK,,approx 1k,FALSE
ANNE BURKE,32,3 THAMES COURT,,,approx 1k,FALSE
MARK GRIFFIN,27,16 CORRIB VIEW,STEPHEN MAHER,,approx 1k,FALSE
WILLIAM HOGAN,20,23 CORRIB LODGE,,,approx 500,FALSE
MARY MCNAMARA,81,18 LEE GROVE,ANTHONY SMITH,,approx 500,FALSE
PATRICK GALLAGHER,23,16 LIFFEY GLADE,,,approx 1k,FALSE
MICHAEL SMITH,42,13 CORRIB LODGE,,,approx 500,FALSE
DANIEL BARRETT,25,18 CORRIB GLADE,,,approx 2k,FALSE
MARK OSHEA,33,6 SLANEY DRIVE,,,approx 2k,FALSE
MARTIN MCNAMARA,27,23 CORRIB GROVE,,,approx 500,FALSE
ANTHONY WALSH,55,10 CAMAC DRIVE,JOHN ROCHE,,above 3k,FALSE
ROBERT GRIFFIN,54,16 CAMAC GROVE,,,approx 2k,FALSE
PATRICK OCONNELL,25,5 SHANNON COURT,LIAM CURRAN,HELEN PHELAN,approx 1k,TRUE
ANNE ODONNELL,21,2 BARROW LODGE,JAMES HOGAN,,approx 1k,FALSE
KEVIN MCCORMACK,52,15 CAMAC PARK,SEAN MURPHY,,approx 1k,FALSE
MICHAEL MORAN,42,24 DODDER GROVE,,,approx 2k,FALSE
STEPHEN KEANE,27,7 BLACKWATER DRIVE,,,approx 1k,FALSE
LIAM OROURKE,46,11 SEVERN LAWNS,LIAM LAWLOR,DANIEL CAHILL,approx 500,TRUE
PATRICK KEANE,44,27 SLANEY DRIVE,,,approx 1k,FALSE
DAVID MORAN,57,4 BARROW GROVE,THOMAS MOORE,,approx 1k,FALSE
PAUL MCGRATH,29,14 SUIR LODGE,,,approx 2k,FALSE
JOHN OSHEA,51,29 CORRIB GROVE,,,approx 1k,FALSE
GERARD KAVANAGH,50,6 CORRIB PARK,GERARD BROWNE,KEVIN HIGGINS,approx 2k,FALSE
KEVIN MCGRATH,51,6 LIFFEY GROVE,,,approx 3k,FALSE
BRIAN OCONNOR,36,1 LIFFEY VIEW,,,approx 1k,FALSE
JAMES CRONIN,58,1 LEE LODGE,,,approx 500,FALSE
FRANCIS CURRAN,41,4 THAMES GARDENS,FRANCIS LAWLOR,DANIEL KELLEHER,approx 500,TRUE
STEPHEN MOORE,24,23 BLACKWATER VIEW,,,approx 1k,FALSE
NOEL CURRAN,45,19 SLANEY VIEW,,,approx 2k,FALSE
BRIAN HUGHES,34,24 CAMAC DRIVE,,,approx 500,FALSE
MICHAEL OCONNELL,35,27 BOYNE PARK,,,approx 3k,FALSE
BRIAN GALLAGHER,49,3 S+_ERN TERRACE,,,approx 1k,FALSE
JAMES NOLAN,41,10 LEE LODGE,,,approx 1k,FALSE
WILLIAM COLLINS,30,3 CAMAC PARK,,,approx 2k,FALSE
MARTIN CRONIN,57,11 CORRIB VIEW,PATRICK NOLAN,,above 3k,FALSE
WILLIAM NOLAN,36,12 BLACKWATER DRIVE,MARTIN HIGGINS,,approx 2k,FALSE
JOSEPH CARROLL,82,12 CORRIB GLADE,KEVIN OKEEFFE,,approx 500,FALSE
ROBERT MCCORMACK,38,30 CORRIB LODGE,PETER CARROLL,,approx 500,FALSE
GERARD BROWNE,22,20 DODDER PARK,MARTIN MCDONAGH,,approx 500,FALSE
MARTIN MORAN,54,24 LEE VIEW,MARIE ODONNELL,,approx 500,FALSE
SEAN CULLEN,32,15 BLACKWATER GLADE,,,approx 1k,FALSE
PETER ROCHE,52,17 BLACKWATER VIEW,,,approx 500,FALSE
THOMAS MORAN,54,16 LEE GROVE,,,approx 2k,FALSE
ANTHONY MAHER,42,14 BLACKWATER GLADE,,,approx 1k,FALSE
PATRICK MURPHY,78,23 BARROW LODGE,WILLIAM MORAN,,approx 2k,FALSE
STEPHEN MCCORMACK,50,2 T{~MES COURT,ANTHONY WHELAN,,approx 500,FALSE
SEAN MCMAHON,53,25 SLANEY GROVE,,,approx 2k,FALSE
MICHAEL MAGUIRE,43,29 SLANEY LODGE,,,approx 1k,FALSE
FRANCIS OREGAN,22,13 SUIR GROVE,MARK DUNNE,,approx 500,TRUE
JAMES CULLEN,77,8 SLANEY LODGE,,,approx 1k,FALSE
MICHAEL DUNNE,25,16 LIFFEY VIEW,ROBERT MAHER,,approx 2k,FALSE
STEPHEN MAHER,58,14 BOYNE GROVE,,,approx 2k,FALSE
ANNE MCDONNELL,21,21 DODDER LODGE,,,approx 2k,FALSE
SEAN MCDONNELL,34,4 SHANNON GARDENS,RICHARD CURRAN,HELEN BARRETT,approx 500,TRUE
JAMES BURKE,36,13 BARROW PARK,,,approx 3k,FALSE
JOSEPH MOORE,40,5 CORRIB VIEW,PAUL CLARKE,,approx 500,FALSE
SEAN OKEEFFE,38,24 BLACKWATER VIEW,JOHN BROWNE,,approx 2k,FALSE
GERARD ODRISCOLL,53,28 BLACKWATER LODGE,,,approx $*0,FALSE
LIAM CURRAN,34,13 SUIR VIEW,DANIEL KELLEHER,,approx 1k,TRUE
MARY CLARKE,34,11 BARROW GROVE,,,approx 1k,FALSE
RICHARD MCDERMOTT,27,8 THAMES LAWNS,PETER MCMAHON,DANIEL KELLEHER,approx 1k,TRUE
STEPHEN OCONNOR,36,12 SEVERN LAWNS,,,approx 1k,TRUE
GERARD BRENNAN,26,12 SLANEY LODGE,,,approx 3k,FALSE
MARTIN CRONIN,31,8 CAMAC DRIVE,GERARD MURPHY,ROBERT MURPHY,above 3k,FALSE
PAUL DUNNE,42,11 BARROW DRIVE,JAMES MARTIN,,approx 2k,FALSE
PAUL CARROLL,30,13 BLACKWATER GROVE,,,approx 1k,FALSE
BRIAN CLARKE,39,9 SUIR PARK,THOMAS CLARKE,,approx 500,FALSE
MARY WALSH,34,15 BARROW VIEW,,,approx 2k,FALSE
JOHN OBRIEN,25,1 LIFFEY GROVE,HELEN OREGAN,DANIEL OROURKE,approx 2k,TRUE
PATRICK QUINN,26,30 DODDER GLADE,,,approx 2k,FALSE
ANNE WHELAN,25,28 BOYNE DRIVE,,,approx 3k,FALSE
KEVIN DUNNE,23,17 SUIR LODGE,,,approx 500,FALSE
MARTIN FARRELL,39,1 SHANNON GARDENS,PAUL WHITE,,approx 2k,FALSE
PETER ODRISCOLL,40,6 SUIR LODGE,,,approx 500,FALSE
KEVIN OBRIEN,26,3 LIFFEY GLADE,,,approx 500,FALSE
KEVIN CRONIN,73,6 CAMAC LODGE,,,approx 2k,FALSE
PATRICK OCONNELL,26,23 DODDER LODGE,THOMAS BROWNE,SEAN ROCHE,approx 1k,FALSE
MARY MORAN,57,12 SLANEY GLADE,PAUL NOLAN,,approx 3k,FALSE
SEAN MCMAHON,35,22 DODDER DRIVE,BRIAN COLLINS,KEVIN KAVANAGH,approx 2k,FALSE
MICHAEL CULLEN,29,11 CORRIB DRIVE,,,approx 1k,FALSE
DEIRDRE KELLEHER,42,24 BLACKWATER PARK,,,approx 500,FALSE
JOHN BRENNAN,46,19 SLANEY DRIVE,,,approx 1k,FALSE
PATRICK OSHEA,51,4 CAMAC DRIVE,,,approx 2k,FALSE
JOHN SHE!HAN,52,15 CORRIB VIEW,,,approx 500,FALSE
MARTIN BROWNE,59,24 SLANEY GLADE,,,approx 2k,FALSE
RICHARD CURRAN,56,8 LEE GROVE,NOEL CURRAN,HELEN OROURKE,approx 1k,TRUE
JOHN MOORE,42,25 BOYNE GLADE,,,approx 500,FALSE
PAUL CRONIN,70,8 BLACKWATER PARK,,,approx 2k,FALSE
MICHAEL MCGRATH,60,2 SLANEY PARK,THOMAS WHITE,MARIE MCCORMACK,approx 500,FALSE
ANNE ODONOGHUE,67,6 BLACKWATER GLADE,,,approx 1k,FALSE
DANIEL LAWLOR,38,11 THAMES TERRACE,RICHARD LAWLOR,,approx 500,TRUE
DAVID ODONOVAN,22,17 DODDXX GROVE,THOMAS MORAN,,approx 1k,FALSE
MICHAEL MCNAMARA,23,26 BLACKWATER DRIVE,,,approx 500,FALSE
DAVID CARROLL,81,12 LIFFEY VIEW,,,approx 1k,FALSE
HELEN LAWLOR,23,6 THAMES LAWNS,HELEN OREGAN,,approx 2k,TRUE
PETER BRENNAN,45,10 BOYNE VIEW,,,approx 1k,FALSE
DAVID MCDONAGH,26,21 SLANEY GROVE,,,approx 1k,FALSE
ANTHONY CRONIN,32,5 BLACKWATER GROVE,,,approx 1k,FALSE
GERARD ODONNELL,83,30 BLACKWATER LODGE,,,approx 500,FALSE
KEVIN KAVANAGH,60,17 DODDER DRIVE,,,approx 1k,FALSE
JOHN KAVANAGH,52,9 SLANEY GROVE,,,approx 2k,FALSE
MARY FARRELL,39,8 BARROW VIEW,,,approx 2k,FALSE
PAUL HUGHES,39,11 CORRIB LODGE,,,approx 1k,FALSE
ROBERT ODONOVAN,58,30 BLACKWATER LODGE,DANIEL LAWLOR,,approx 2k,FALSE
PAUL OBRIEN,21,7 BOYNE PARK,,,approx 500,FALSE
THOMAS GALLAGHER,21,10 SEVERN GARDENS,,,approx 3k,FALSE
JAMES MORAN,35,7 CORRIB GROVE,STEPHEN ODONNELL,,approx 500,FALSE
ANNE MCCORMACK,39,11 LIFFEY VIEW,,,approx 500,FALSE
LIAM KELLEHER,58,2 SEVERN LAWNS,HELEN BARRETT,HELEN KEOGH,approx 2k,TRUE
KEVIN CARROLL,37,3 CORRIB GLADE,,,approx 2k,FALSE
DAVID MAHER,82,30 BLACKWATER LODGE,,,approx 500,FALSE
STEPHEN ODONOGHUE,48,8 CAMAC GROVE,,,approx 1k,FALSE
DANIEL KEOGH,49,18 LIFFEY GLADE,RICHARD KELLEHER,RICHARD BARRETT,approx 500,TRUE
JAMES MCMAHON,72,20 SLANEY LODGE,,,approx 500,FALSE
MARIE MCNAMARA,53,20 BARROW GLADE,,,approx 2k,FALSE
PETER OSULLIVAN,30,10 THAMES TERRACE,ANNE MAHER,,above 3k,FALSE
JAMES ODONOGHUE,37,7 DODDER DRIVE,JOHN OSULLIVAN,,approx 500,FALSE
DAVID HOGAN,58,26 SLANEY GLADE,,,approx 1k,FALSE
DAVID KAVANAGH,29,18 SLANEY PARK,,,approx 2k,FALSE
MARY SHEEHAN,20,4 DODDER PARK,,,approx 2k,FALSE
MARTIN WALSH,23,17 DODDER PARK,,,approx 1k,FALSE
PETER ONEILL,55,4 SUIR DRIVE,DEIRDRE OREGAN,,approx 500,FALSE
MICHAEL POWER,39,26 DODD!! PARK,,,approx 1k,FALSE
SEAN ODONOGHUE,38,9 SEVERN LAWNS,RICHARD CURRAN,LIAM CURRAN,approx 500,TRUE
BRIAN HIGGINS,27,9 DODDER PARK,,,approx 2k,FALSE
PAUL POWER,25,25 BLACKWATER LODGE,THOMAS WHELAN,,approx 2k,FALSE
PATRICK GALLAGHER,56,1 DODDER GROVE,,,approx 1k,FALSE
GERARD POWER,34,15 SUIR GROVE,,,approx 500,FALSE
PAUL DUNNE,57,2 CORRIB DRIVE,,,approx 2~,FALSE
MARIE MARTIN,53,6 BLACKWATER DRIVE,,,approx 500,FALSE
PATRICK SMITH,41,28 LIFFEY GROVE,ROBERT MCMAHON,,approx 1k,FALSE
MARTIN MCMAHON,27,16 CORRIB GLADE,,,approx 500,FALSE
MARY CULLEN,49,9 BOYNE DRIVE,MARK ONEILL,,approx 1k,FALSE
PETER ODONNELL,52,10 LIFFEY PARK,,,approx 500,FALSE
JAMES KEANE,25,16 CAMAC VIEW,MARK ODRISCOLL,,approx 3k,FALSE
PATRICK KEANE,68,2 BARROW VIEW,,,approx 2k,FALSE
JOSEPH MCCORMACK,29,8 TH^)ES LAWNS,,,approx 1k,FALSE
BRIAN BRENNAN,34,10 LIFFEY VIEW,,,approx 500,FALSE
JOHN DUNNE,34,4 CAMAC LODGE,MARIE WHELAN,ANTHONY OSHEA,approx 500,TRUE
PETER NOLAN,42,4 BOYNE LODGE,BRIAN BROWNE,THOMAS OSULLIVAN,approx 2k,FALSE
MICHAEL MCGRATH,20,1 SLANEY PARK,,,approx 2k,FALSE
ANTHONY POWER,54,20 BARROW GLADE,STEPHEN QUINN,,approx 1k,FALSE
WILLIAM COLLINS,43,28 BOYNE PARK,,,approx 500,FALSE
GERARD ODONNELL,65,4 BLACKWATER GROVE,,,approx 2k,FALSE
HELEN CURRAN,33,3 THAMES GARDENS,DAVID OBRIEN,FRANCIS KEOGH,approx 2k,TRUE
JAMES BRENNAN,31,15 BLACKWATER GROVE,ANTHONY CRONIN,,approx 1k,FALSE
ANNE WHELAN,25,17 CAMAC VIEW,,,approx 1k,FALSE
MARK MURPHY,47,2 SLANEY LODGE,,,approx 500,FALSE
MARK WALSH,39,4 SHANNON TERRACE,,,approx 1k,FALSE
MARY MAGUIRE,39,1 LEE GLADE,,,approx 1k,FALSE
JOSEPH BUTLER,24,21 CORRIB PARK,,,approx 500,FALSE
FRANCIS MCDERMOTT,28,3 THAMES COURT,JAMES OCONNOR,DEIRDRE CAHILL,approx 1k,TRUE
MARY GRIFFIN,21,1 SLANEY PARK,ANTHONY OCONNOR,,approx 2k,FALSE
NOEL LAWLOR,23,12 THAMES TERRACE,DEIRDRE MCDERMOTT,DANIEL KEOGH,approx 500,TRUE
MARTIN MURPHY,78,10 BLACKWATER LODGE,MARY KEANE,,approx 2k,FALSE
PAUL MCDONAGH,57,13 SUIR PARK,,,approx 1k,FALSE
BRIAN OCONNOR,36,23 BARROW DRIVE,,,approx 1k,FALSE
MICHAEL MARTIN,20,14 LEE PARK,,,approx 500,FALSE
MARY WALSH,21,28 SLANEY VIEW,,,approx 3k,FALSE
JAMES HIGGINS,33,15 DODDER GLADE,,,approx 2k,FALSE
HELEN BARRETT,33,6 SHANNON LAWNS,DEIRDRE CAHILL,HELEN MCDERMOTT,approx 500,TRUE
JOHN SHEEHAN,33,23 BARROW DRIVE,,,approx 1k,FALSE
MARTIN POWER,30,18 LIFFEY LODGE,,,approx 2k,FALSE
DEIRDRE OROURKE,52,8 LIFFEY LODGE,,,approx 1k,FALSE
JOHN CARROLL,46,10 SLANEY VIEW,,,approx 500,FALSE
BRIAN MOORE,68,24 BLACKWATER VIEW,MARIE WALSH,THOMAS ODONNELL,approx 500,FALSE
SEAN CRONIN,21,4 SLANEY LODGE,,,approx 2k,FALSE
JOHN SHEEHAN,23,24 CAMAC DRIVE,,,approx 2k,FALSE
MARY MCGRATH,53,12 SLANEY GLADE,SEAN POWER,,approx 1k,FALSE
JOHN ODONNELL,45,19 BLACKWATER GROVE,MARIE KAVANAGH,DAVID OSULLIVAN,approx 3k,FALSE
PATRICK CLARKE,64,12 CAMAC GROVE,,,approx 500,FALSE
JAMES HI?GINS,33,6 CORRIB GLADE,,,approx 1k,FALSE
MARIE ROCHE,55,4 SEVERN GARDENS,,,approx 500,FALSE
MARY MCNAMARA,66,9 BOYNE GROVE,ANTHONY ONEILL,,approx 2k,FALSE
MARY MCNAMARA,43,9 THAMES COURT,,,approx 1k,FALSE
WILLIAM OSHEA,76,25 CORRIB VIEW,MICHAEL CRONIN,,approx 2k,FALSE
NOEL CURRAN,31,2 SHANNON GARDENS,FRANCIS KELLEHER,FRANCIS KELLEHER,approx 1k,TRUE
MICHAEL ODONOGHUE,33,27 BOYNE GROVE,,,approx 2k,FALSE
LIAM KELLEHER,42,15 SUIR VIEW,BRIAN OBRIEN,,approx 500,FALSE
WILLIAM DUNNE,45,16 BARROW LODGE,,,approx 1k,FALSE
MARIE MCMAHON,77,26 LEE LODGE,JOHN MCGRATH,KEVIN OCONNOR,approx 1k,FALSE
PAUL MCDONNELL,22,28 LEE LODGE,,,approx 500,FALSE
RICHARD CAHILL,29,30 CAMAC LODGE,,,approx 2k,FALSE
ROBERT CLARKE,29,9 THAMES TERRACE,,,approx 1k,FALSE
GERARD CARROLL,49,1 CORRIB GLADE,,,approx 1k,FALSE
LIAM CAHILL,22,8 SEVERN TERRACE,FRANCIS MCDERMOTT,JAMES NOLAN,approx 500,TRUE
PETER CRONIN,56,2 CAMAC LODGE,MARY OCONNELL,,approx 500,FALSE
THOMAS OCONNOR,57,17 BOYNE PARK,,,approx 1k,FALSE
DEIRDRE MCDERMOTT,37,29 SLANEY LODGE,NOEL OREGAN,,approx 500,TRUE
ROBERT HOGAN,49,8 SHANNON COURT,,,approx 2k,FALSE
JAMES QUINN,43,3 BLACKWATER GLADE,,,approx 1k,FALSE
GERARD GRIFFIN,23,3 CAMAC PARK,,,approx 2k,FALSE
PETER OCONNELL,51,21 DODDER VIEW,JAMES ODONOVAN,,approx 2k,FALSE
ANTHONY CULLEN,24,30 CORRIB DRIVE,,,approx 2k,FALSE
NOEL OREGAN,49,11 THAMES GARDENS,ANTHONY SHEEHAN,RICHARD PHELAN,approx 500,TRUE
THOMAS NOLAN,24,27 BOYNE DRIVE,,,approx 500,FALSE
MICHAEL MCNAMARA,50,29 LIFFEY GLADE,PAUL BRENNAN,,approx 2k,FALSE
JOHN MAHER,41,14 CAMAC LODGE,,,approx 1k,FALSE
GERARD OCONNOR,85,13 CAMAC PARK,,,approx 1k,FALSE
SEAN SHEEHAN,25,28 DODDER GLADE,,,approx 1k,FALSE
MARY HIGGINS,26,10 DODDER LODGE,,,approx 1k,FALSE
ANNE CULLEN,39,30 L=$FEY LODGE,,,approx 1k,FALSE
RICHARD MCDERMOTT,37,8 SHANNON TERRACE,FRANCIS KELLEHER,MARTIN WHELAN,approx 500,TRUE
PETER MOORE,54,8 SLANEY VIEW,,,above 3k,FALSE
BRIAN OKEEFFE,80,16 CAMAC VIEW,,,approx 500,FALSE
PATRICK MCNAMARA,29,11 CAMAC VIEW,ANNE SHEEHAN,,approx 1k,FALSE
BRIAN MOORE,23,18 DODDER LODGE,,,approx 1k,FALSE
DANIEL PHELAN,28,17 LEE VIEW,ROBERT KAVANAGH,HELEN BARRETT,approx 500,TRUE
DEIRDRE BARRETT,31,4 SEVERN LAWNS,RICHARD BARRETT,,approx 500,TRUE
DAVID MCMAHON,27,5 SUIR PARK,,,approx 1k,FALSE
PETER OCONNOR,81,6 BLACKWATER GROVE,KEVIN ONEILL,,approx 1k,FALSE
NOEL CURRAN,26,12 SEVERN TERRACE,NOEL KELLEHER,NOEL OROURKE,approx 2k,TRUE
MICHAEL NOLAN,38,16 CORRIB GLADE,DAVID HUGHES,,approx 500,FALSE
MARY MURPHY,28,25 LEE GROVE,,,approx 500,FALSE
LIAM PHELAN,21,6 SEVERN GARDENS,PATRICK MOORE,FRANCIS KEOGH,approx 500,TRUE
ROBERT OKEEFFE,45,5 SUIR GLADE,,,approx 1k,FALSE
DAVID CARROLL,43,3 SLANEY LODGE,MARK MCNAMARA,,approx 2k,FALSE
STEPHEN ONEILL,42,28 SLANEY LODGE,,,approx 500,FALSE
MARY MOORE,51,6 BOYNE VIEW,,,approx 1k,FALSE
JOHN ROCHE,47,13 BLACKWATER PARK,,,approx 500,FALSE
DANIEL KEOGH,21,9 BARROW DRIVE,DEIRDRE OREGAN,DANIEL CAHILL,approx 500,TRUE
MICHAEL MCNAMARA,21,4 SLANEY DRIVE,,,approx 1k,FALSE
MARIE ONEILL,33,27 BLACKWATER GROVE,,,approx 2k,FALSE
JAMES ODRISCOLL,83,19 LEE PARK,,,approx 500,FALSE
MARIE BUTLER,69,3 SEVERN GARDENS,,,approx 2k,FALSE
ANNE SMITH,31,27 SLANEY LODGE,,,approx 1k,FALSE
JOHN BROWNE,53,8 LIFFEY GLADE,,,approx 500,FALSE
DAVID ODONNELL,79,25 DODDER LODGE,,,approx 1k,FALSE
DEIRDRE OROURKE,32,7 SEVERN COURT,DEIRDRE KELLEHER,RICHARD MCDERMOTT,approx 1k,TRUE
MARTIN KEANE,20,22 DODDER PARK,,,approx 3k,FALSE
WILLIAM OSHEA,59,17 LEE LODGE,,,approx 2k,FALSE
DAVID HOGAN,22,15 SLA!!! VIEW,,,approx 1k,FALSE
MARK MCNAMARA,34,1 THAMES COURT,HELEN OREGAN,LIAM PHELAN,approx 500,TRUE
MARY ODONNELL,20,10 THAMES GARDENS,RICHARD PHELAN,RICHARD BARRETT,approx 500,TRUE
JOHN CULLEN,23,23 SUIR PARK,,,approx 500,FALSE
JOHN ODONNELL,70,14 SLANEY DRIVE,,,approx 2k,FALSE
JAMES MCNAMARA,41,13 BARROW DRIVE,,,approx 3k,FALSE
ANTHONY COLLINS,27,7 SHANNON LAWNS,,,approx 500,FALSE
HELEN OREGAN,34,17 LIFFEY LODGE,NOEL OREGAN,LIAM PHELAN,approx 2k,TRUE
KEVIN ODONOGHUE,49,5 LIFFEY DRIVE,,,approx 500,FALSE
MARY GRIFFIN,41,19 LEE LODGE,,,approx 2k,FALSE
ROBERT WALSH,72,24 DODDER PARK,,,approx 1k,FALSE
MARY MCDONAGH,51,7 BARROW PARK,,,approx 2k,FALSE
JAMES KEANE,37,2 CORRIB GLADE,,,approx 500,FALSE
LIAM PHELAN,44,1 SEVERN COURT,FRANCIS LAWLOR,,approx 500,TRUE
MARTIN HUGHES,24,8 BARROW GROVE,,,approx 1k,FALSE
MARIE BRENNAN,41,16 LIFFEY GLADE,,,approx 500,FALSE
SEAN MOORE,35,22 SLANEY VIEW,MARTIN MCDONAGH,,approx 500,FALSE
JOHN QUINN,45,15 LIFFEY GLADE,,,approx 500,FALSE
PETER KAVANAGH,54,25 BLACKWATER GROVE,,,approx 1k,FALSE
SEAN CULLEN,25,20 LEE DRIVE,,,approx 1k,FALSE
JOHN SHEEHAN,59,26 LIFFEY GROVE,DAVID HIGGINS,ANTHONY MCCORMACK,approx 500,FALSE
NOEL MCDERMOTT,44,3 SUIR LODGE,,,approx 500,FALSE
PATRICK SHEEHAN,58,7 BOYNE DRIVE,,,approx 500,FALSE
THOMAS MORAN,58,9 SHANNON GARDENS,PAUL FARRELL,,approx 3k,FALSE
BRIAN OCONNOR,48,9 BARROW DRIVE,,,approx 500,FALSE
MARTIN POWER,47,21 SLANEY VIEW,,,approx 1k,FALSE
DEIRDRE OREGAN,21,3 SEVERN LAWNS,NOEL KEOGH,,approx 500,TRUE
MARY COLLINS,41,21 CORRIB LODGE,,,above 3k,FALSE
GERARD NOLAN,57,17 BLACKWATER PARK,ANTHONY WALSH,,approx 3k,FALSE
PETER GALLAGHER,54,19 BLACKWATER GROVE,MARY WALSH,,above 3k,FALSE
LIAM CAHILL,24,6 SEVERN COURT,,,approx 1k,TRUE
STEPHEN BURKE,24,30 SLANEY DRIVE,MICHAEL WHELAN,JOHN MCDONAGH,approx 1k,FALSE
JOHN ODONNELL,63,9 SLANEY LODGE,,,approx 500,FALSE
ROBERT WALSH,21,20 DODDER VIEW,,,approx 1k,FALSE
BRIAN MAGUIRE,50,2 THAMES TERRACE,,,approx 500,FALSE
JOHN MCDONAGH,30,7 BLACKWATER LODGE,,,approx 500,FALSE
SEAN OCONNELL,80,24 CAMAC LODGE,JAMES GRIFFIN,FRANCIS OROURKE,approx 1k,FALSE
PATRICK SMITH,20,6 SLANEY PARK,,,approx 3k,FALSE
JAMES MCNAMARA,50,4 DODDER LODGE,,,approx 2k,FALSE
PETER ONEILL,45,22 BOYNE GROVE,,,approx 1k,FALSE
PAUL QUINN,52,27 CAMAC LODGE,JOHN KEANE,MARK MCGRATH,approx 2k,FALSE
JOHN MCMAHON,28,20 LEE LODGE,JOSEPH KAVANAGH,,approx 1k,FALSE
SEAN POWER,76,4 BARROW VIEW,,,approx 1k,FALSE
STEPHEN OSULLIVAN,28,30 SLANEY LODGE,,,approx 500,FALSE
PAUL KEANE,47,26 BARROW LODGE,,,approx 3k,FALSE
DAVID MOORE,36,18 CAMAC GROVE,,,approx 1k,FALSE
SEAN OSULLIVAN,29,11 DODDER GLADE,,,approx 2k,FALSE
BRIAN MOORE,43,12 SHANNON GARDENS,,,approx 1k,FALSE
ANTHONY CULLEN,44,14 DODDER GROVE,THOMAS SMITH,,approx 3k,FALSE
MARY OBRIEN,78,14 SUIR DRIVE,,,approx 500,FALSE
FRANCIS OREGAN,48,13 BLACKWATER VIEW,,,approx 3k,FALSE
DANIEL CURRAN,36,2 SEVERN LAWNS,RICHARD PHELAN,GERARD MAHER,approx 1k,TRUE
MARK MCNAMARA,38,19 SLANEY LODGE,,,approx 1k,FALSE
BRIAN BURKE,35,5 SLANEY LODGE,MARY CLARKE,,approx 1k,FALSE
ANTHONY CLARKE,80,3 SLANEY LODGE,PATRICK WHELAN,,approx 500,FALSE
MICHAEL OCONNELL,43,15 CORRIB GROVE,,,approx 500,FALSE
STEPHEN POWER,43,3 DODDER LODGE,,,approx 1k,FALSE
JOHN HOGAN,27,5 LIFFEY LODGE,,,approx 500,FALSE
BRIAN OSULLIVAN,69,10 SHANNON GARDENS,,,approx 1k,FALSE
JAMES MAHER,50,5 THAMES TERRACE,,,approx 2k,FALSE
RICHARD OREGAN,56,10 SEVERN LAWNS,FRANCIS MCDERMOTT,,approx 500,TRUE
JAMES BRENNAN,58,2 LIFFEY LODGE,,,approx 1k,FALSE
THOMAS GALLAGHER,20,12 SEVERN GARDENS,ANNE WHITE,,approx 3k,FALSE
MARY HOGAN,28,10 CORRIB PARK,,,approx 500,FALSE
LIAM PHELAN,31,3 SEVERN TERRACE,HELEN KELLEHER,NOEL CAHILL,approx 1k,TRUE
MARY MCNAMARA,39,1 SUIR GROVE,,,approx 1k,FALSE
NOEL PHELAN,27,26 DODDER GROVE,JOHN MCMAHON,,approx 1k,FALSE
THOMAS WALSH,43,15 DODDER VIEW,,,approx 1k,FALSE
JAMES ROCHE,28,22 SLANEY GROVE,,,approx 2k,FALSE
ANTHONY MURPHY,25,18 LIFFEY DRIVE,,,approx 1k,FALSE
JOHN SMITH,55,19 DODDER LODGE,ANTHONY BURKE,JOHN HOGAN,approx 1k,FALSE
ANTHONY HOGAN,47,25 SLANEY GROVE,MARK WHELAN,BRIAN MOORE,approx 1k,FALSE
BRIAN KAVANAGH,31,13 DODDER VIEW,PAUL QUINN,,approx 500,FALSE
STEPHEN CARROLL,44,26 LIFFEY PARK,PATRICK QUINN,,approx 1k,FALSE
GERARD OCONNOR,51,12 DODDER GLADE,,,approx 500,FALSE
JOHN ODONOGHUE,41,16 BARROW LODGE,JOHN SMITH,,approx 2k,FALSE
STEPHEN KEANE,79,15 SUIR VIEW,,,approx 1k,FALSE
SEAN ODONOGHUE,50,30 BARROW DRIVE,PETER BURKE,,approx 1k,FALSE
PAUL ODONNELL,53,21 BLACKWATER GROVE,KEVIN CLARKE,,above 3k,FALSE
GERARD ODONOGHUE,42,8 SLANEY LODGE,MICHAEL COLLINS,,approx 500,FALSE
JOSEPH GALLAGHER,49,26 SLANEY VIEW,,,approx 3k,FALSE
THOMAS M%RAN,37,24 LIFFEY VIEW,,,approx 1k,FALSE
MARIE OSHEA,31,30 LEE VIEW,,,approx 1k,FALSE
STEPHEN ODONNELL,22,1 SUIR VIEW,MARK BURKE,,approx 2k,FALSE
PATRICK BRENNAN,55,15 LIFFEY LODGE,,,approx 2k,FALSE
PATRICK OSULLIVAN,47,29 SUIR PARK,,,above 3k,FALSE
JOSEPH HUGHES,22,25 BLACKWATER GLADE,THOMAS CARROLL,,approx 500,FALSE
SEAN BURKE,28,9 BLACKWATER GLADE,JOHN GRIFFIN,,approx 500,FALSE
MARY POWER,37,4 BLACKWATER DRIVE,,,approx 500,FALSE
ANTHONY MURPHY,42,22 SLANEY DRIVE,,,approx 1k,FALSE
FRANCIS PHELAN,79,2 SUIR PARK,,,approx 1k,FALSE
THOMAS MOORE,27,5 SUIR VIEW,,,approx 500,FALSE
DANIEL OROURKE,56,25 DODDER GLADE,WILLIAM COLLINS,,approx 2k,TRUE
PETER KAVANAGH,59,14 CORRIB DRIVE,,,approx 1k,FALSE
WILLIAM OBRIEN,78,28 LIFFEY GLADE,,,approx 2k,FALSE
DANIEL OREGAN,25,2 BLACKWATER LODGE,,,approx 500,FALSE
MARTIN ODONOVAN,31,5 SUIR VIEW,DAVID MAGUIRE,PETER GALLAGHER,approx 1k,FALSE
PETER MCCORMACK,43,1 BARROW GROVE,,,approx 1k,FALSE
ROBERT DUNNE,26,10 SUIR GLADE,,,approx 1k,FALSE
JAMES MURPHY,39,8 BARROW LODGE,STEPHEN BUTLER,,approx 1k,TRUE
DEIRDRE OREGAN,23,1 SEVERN GARDENS,DEIRDRE KEOGH,RICHARD CAHILL,approx 500,TRUE
JAMES MARTIN,45,19 DODDER LODGE,,,approx 2k,FALSE
MARY BROWNE,40,16 BOYNE GLADE,,,approx 1k,FALSE
ROBERT OCONNELL,56,6 LIFFEY LODGE,,,approx 3k,FALSE
PAUL BUTLER,28,7 LEE PARK,SEAN ODONOGHUE,,approx 1k,FALSE
PAUL CARROLL,76,18 SUIR DRIVE,STEPHEN MARTIN,,approx 500,FALSE
SEAN BROWNE,78,4 SEVERN GARDENS,,,approx 500,FALSE
LIAM CAHILL,46,11 THAMES COURT,LIAM KELLEHER,DEIRDRE KEOGH,approx 500,TRUE
PETER CLARKE,30,23 CORRIB GLADE,,,approx 2k,FALSE
BRIAN CRONIN,57,27 SLANEY LODGE,,,approx 1k,FALSE
MARIE MOORE,38,26 DODDER LODGE,,,approx 1k,FALSE
THOMAS OCONNELL,55,13 BARROW DRIVE,,,approx 500,FALSE
WILLIAM WHITE,28,14 LEE PARK,,,approx 3k,FALSE
PETER MCGRATH,80,11 LIFFEY GROVE,,,approx 1k,FALSE
PATRICK BUTLER,28,6 SHANNON COURT,,,approx 1k,FALSE
DAVID OSULLIVAN,20,23 BARROW GROVE,DEIRDRE OROURKE,,approx 500,FALSE
FRANCIS MCDERMOTT,47,9 SHANNON COURT,PAUL HOGAN,,approx 1k,FALSE
RICHARD BARRETT,37,30 LEE DRIVE,,,approx 1k,FALSE
JOSEPH ODONOGHUE,34,7 SHANNON COURT,,,approx 500,FALSE
SEAN MCCORMACK,65,24 BLACKWATER GROVE,,,above 3k,FALSE
THOMAS OCONNOR,27,30 CORRIB DRIVE,,,approx 1k,FALSE
DAVID SMITH,30,1 BOYNE DRIVE,,,approx 2k,FALSE
GERARD ROCHE,27,3 BLACKWATER PARK,,,above 3k,FALSE
MARY KEANE,67,20 SUIR DRIVE,,,approx 3k,FALSE
PATRICK WHITE,36,14 SUIR DRIVE,GERARD POWER,WILLIAM SMITH,approx 500,FALSE
WILLIAM BROWNE,56,10 THAMES COURT,,,approx 500,FALSE
MARTIN CRONIN,28,3 SEVERN COURT,,,approx 3k,FALSE
PAUL MCMAHON,77,3 SHANNON LAWNS,,,approx 500,FALSE
ANNE COLLINS,43,6 SEVERN TERRACE,,,approx 1k,FALSE
GERARD OSULLIVAN,29,6 BOYNE GLADE,,,approx 1k,FALSE
BRIAN ODONOGHUE,59,16 SLANEY PARK,ROBERT WHELAN,,approx 2k,FALSE
JOHN MCCORMACK,39,14 CORRIB GROVE,,,approx 2k,FALSE
PETER MCDONAGH,65,10 SE*(&N GARDENS,,,approx 2k,FALSE
DANIEL OROURKE,41,10 SEVERN GARDENS,DANIEL KELLEHER,DEIRDRE MCDERMOTT,approx 1k,TRUE
GERARD ODONOGHUE,28,21 BLACKWATER LODGE,THOMAS MAGUIRE,,approx 1k,FALSE
JOSEPH POWER,55,26 CORRIB VIEW,,,approx 2k,FALSE
THOMAS OCONNELL,34,9 SUIR VIEW,PAUL HOGAN,,approx 1k,FALSE
WILLIAM MCMAHON,22,28 SLANEY LODGE,STEPHEN ODONOGHUE,,approx 1k,FALSE
PETER WHELAN,33,21 SLANEY PARK,,,approx 1k,FALSE
MARK DUNNE,37,7 CORRIB LODGE,ANNE MCNAMARA,,approx 500,FALSE
STEPHEN ODONOVAN,44,16 BARROW DRIVE,,,approx 1k,FALSE
ANTHONY ODONOGHUE,28,14 CAMAC PARK,,,approx 1k,FALSE
DAVID HUGHES,55,14 LEE LODGE,MARTIN MAHER,,approx 2k,FALSE
JAMES OKEEFFE,33,14 BARROW LODGE,,,approx 2k,FALSE
MARTIN SMITH,25,15 BLACKWATER GROVE,PETER NOLAN,,approx 1k,FALSE
ROBERT SMITH,43,17 LEE PARK,,,approx 500,FALSE
THOMAS OCONNELL,20,18 CAMAC VIEW,,,approx 1k,FALSE
MARTIN OSHEA,37,13 CORRIB GLADE,WILLIAM HOGAN,NOEL KELLEHER,approx 1k,FALSE
KEVIN POWER,54,27 BOYNE VIEW,,,approx 500,FALSE
JOHN OCONNOR,67,7 SEVERN TERRACE,,,approx 2k,FALSE
WILLIAM SHEEHAN,51,3 LEE GLADE,WILLIAM ROCHE,,approx 500,FALSE
JOSEPH SMITH,41,24 LEE LODGE,MICHAEL GALLAGHER,,approx 1k,FALSE
PAUL MCMAHON,39,4 THAMES COURT,,,approx 1k,FALSE
STEPHEN DUNNE,85,13 DODDER LODGE,,,approx 1k,FALSE
MARTIN BRENNAN,55,18 LEE GLADE,HELEN LAWLOR,,approx 1k,FALSE
JAMES GALLAGHER,48,17 SUIR LODGE,,,approx 500,FALSE
JOSEPH MOORE,45,27 LEE GLADE,PETER CULLEN,,approx 1k,FALSE
MARK SMITH,43,25 SLANEY GLADE,,,approx 500,FALSE
MARK BROWNE,68,21 DODDER PARK,,,approx 2k,FALSE
PAUL MCGRATH,48,11 DODDER LODGE,MICHAEL OSULLIVAN,,approx 2k,FALSE
PAUL OKEEFFE,53,28 SLANEY GROVE,,,approx 500,FALSE
ROBERT CARROLL,23,29 BARROW DRIVE,MARY HOGAN,,approx 1k,FALSE
ROBERT MARTIN,42,28 CORRIB LODGE,,,approx 1k,FALSE
HELEN CAHILL,61,28 SUIR DRIVE,,,approx 2k,FALSE
PETER OSHEA,42,2 SEVERN LAWNS,,,approx 3k,FALSE
PAUL HOGAN,47,13 DODDER GLADE,,,approx 500,FALSE
JOSEPH OKEEFFE,33,26 SLANEY GLADE,,,approx 3k,FALSE
STEPHEN HIGGINS,54,19 CORRIB DRIVE,,,approx 1k,FALSE
JAMES QUINN,40,9 SLANEY GLADE,,,approx 500,FALSE
HELEN KEOGH,59,2 SEVERN TERRACE,FRANCIS CURRAN,HELEN OROURKE,approx 500,TRUE
MARY BROWNE,48,3 LIFFEY LODGE,,,above 3k,FALSE
JAMES MCNAMARA,23,2 SEVERN TERRACE,,,approx 500,FALSE
JOHN MURPHY,22,1 LEE VIEW,SEAN WHITE,PAUL ODONNELL,approx 1k,FALSE
ANNE CRONIN,77,9 CORRIB GROVE,,,above 3k,FALSE
MICHAEL BUTLER,21,11 SEVERN TERRACE,,,approx 2k,FALSE
PATRICK BUTLER,81,24 DODDER PARK,,,approx 500,FALSE
DANIEL OREGAN,34,5 THAMES TERRACE,MARY MCDONNELL,,approx 500,TRUE
JOHN MAHER,22,10 CORRIB PARK,JOSEPH MCNAMARA,,approx 2k,FALSE
JAMES BROWNE,39,27 DODDER PARK,,,approx 500,FALSE
JOHN MAGUIRE,20,15 BLACKWATER GROVE,,,approx 1k,FALSE
MARIE CLARKE,80,2 SHANNON TERRACE,,,approx 1k,FALSE
PAUL COLLINS,27,26 SUIR LODGE,,,approx 2k,FALSE
FRANCIS KEOGH,22,26 BLACKWATER VIEW,JOSEPH OSHEA,MARIE OKEEFFE,approx 1k,FALSE
FRANCIS MCDERMOTT,66,4 CAMAC PARK,,,approx 500,FALSE
GERARD BRENNAN,36,18 SLANEY LODGE,,,approx 2k,FALSE
MARIE BROWNE,30,9 BOYNE VIEW,,,approx 500,FALSE
PATRICK BROWNE,43,3 BARROW LODGE,,,approx 2k,FALSE
PAUL ODONNELL,40,20 DODDER DRIVE,,,approx 1k,FALSE
BRIAN WHITE,39,23 SLANEY PARK,WILLIAM MCNAMARA,,approx 3k,FALSE
DANIEL KELLEHER,32,10 SLANEY GROVE,DANIEL MCDERMOTT,HELEN LAWLOR,approx 1k,TRUE
PETER GRIFFIN,38,19 SLANEY LODGE,,,approx 1k,FALSE
ANNE MURPHY,46,13 CAMAC DRIVE,,,approx 1k,FALSE
SEAN POWER,23,16 SUIR DRIVE,JOHN GRIFFIN,,approx 1k,FALSE
JOHN ODONOGHUE,54,12 BOYNE VIEW,,,approx 2k,FALSE
MARTIN MCCORMACK,27,23 SLANEY GLADE,,,approx 1k,FALSE
MARK BRENNAN,53,3 SLANEY LODGE,,,approx 3k,FALSE
DAVID NOLAN,36,18 BLACKWATER PARK,PATRICK MCDONAGH,ANTHONY BROWNE,approx 3k,FALSE
BRIAN OBRIEN,22,15 BARROW VIEW,,,approx 2k,FALSE
PATRICK MCCORMACK,81,28 LIFFEY VIEW,,,approx 2k,FALSE
JAMES MORAN,54,15 BOYNE PARK,,,approx 1k,FALSE
PATRICK OSULLIVAN,49,23 DODDER LODGE,PETER CULLEN,,approx 2k,FALSE
JOSEPH MCNAMARA,58,22 BLACKWATER LODGE,,,approx 2k,FALSE
PETER CLARKE,52,8 LEE GLADE,PETER KEANE,,approx 1k,FALSE
PATRICK ONEILL,59,6 LEE LODGE,,,approx 500,FALSE
BRIAN MCCORMACK,26,10 BOYNE LODGE,STEPHEN CARROLL,,approx 500,FALSE
SEAN COLLINS,33,5 CORRIB VIEW,FRANCIS OREGAN,,above 3k,FALSE
MARY BRENNAN,21,3 BLACKWATER GLADE,,,approx 500,FALSE
PETER OCONNOR,25,23 SLANEY LODGE,,,approx 2k,FALSE
MARY WHITE,27,4 SHANNON COURT,STEPHEN ROCHE,,approx 3k,FALSE
JOHN CULLEN,26,7 THAMES TERRACE,DANIEL OROURKE,FRANCIS MCDERMOTT,approx 1k,TRUE
MARTIN CRONIN,27,18 BLACKWATER DRIVE,,,approx 3k,FALSE
SEAN QUINN,57,29 CORRIB DRIVE,WILLIAM OCONNELL,,approx 1k,FALSE
SEAN HOGAN,28,11 SHANNON COURT,PETER ODONNELL,,approx 1k,FALSE
JOHN FARRELL,49,3 LIFFEY GLADE,,,approx 1k,FALSE
THOMAS OBRIEN,33,2 LEE DRIVE,,,approx 3k,FALSE
ANTHONY WHELAN,64,24 LEE GROVE,,,above 3k,FALSE
PATRICK HIGGINS,32,4 LIFFEY GLADE,,,approx 1k,FALSE
PAUL GALLAGHER,40,17 BARROW LODGE,,,approx 1k,FALSE
KEVIN CLARKE,25,21 BARROW GLADE,,,approx 500,FALSE
JOHN CLARKE,75,18 SLANEY GROVE,,,approx 1k,FALSE
MARK MCDONAGH,32,"14 SLA""!Y DRIVE",,,approx 1k,FALSE
DAVID SMITH,50,17 CAMAC GLADE,,,approx 1k,FALSE
STEPHEN CLARKE,74,20 BARROW DRIVE,,,approx 2k,FALSE
MARK FARRELL,48,28 CORRIB GR%$E,,,approx 1k,FALSE
DEIRDRE KELLEHER,29,30 CAMAC DRIVE,ANNE WHELAN,,approx 1k,FALSE
STEPHEN BROWNE,20,22 LIFFEY GROVE,,,approx 2k,FALSE
PAUL BURKE,34,7 CORRIB PARK,,,approx 1k,FALSE
ROBERT BURKE,54,25 SUIR PARK,,,approx 500,FALSE
MARY BURKE,26,15 SLANEY LODGE,PAUL SHEEHAN,,approx 1k,FALSE
JOHN COLLINS,71,12 SEVERN TERRACE,,,approx 1k,FALSE
JOSEPH MURPHY,61,12 SUIR GLADE,STEPHEN MAHER,,approx 500,FALSE
NOEL MCDERMOTT,23,6 CORRIB LODGE,MARTIN OSHEA,,approx 500,TRUE
THOMAS ROCHE,24,11 SUIR VIEW,,,approx 1k,FALSE
STEPHEN MCDONAGH,53,22 CORRIB DRIVE,,,approx 500,FALSE
PAUL HIGGINS,25,27 BLACKWATER DRIVE,,,approx 500,FALSE
MARK GRIFFIN,81,8 THAMES TERRACE,,,approx 500,FALSE
MARY MOORE,41,5 CORRIB VIEW,ROBERT ODONOVAN,,approx 1k,FALSE
JOHN ODONOGHUE,44,10 SEVERN TERRACE,,,approx 1k,FALSE
NOEL LAWLOR,20,5 THAMES LAWNS,DEIRDRE CURRAN,NOEL LAWLOR,approx 500,TRUE
SEAN SHEEHAN,25,9 BARROW GROVE,,,approx 2k,FALSE
KEVIN ODONOGHUE,84,5 CAMAC DRIVE,,,approx 1k,FALSE
JAMES ODONNELL,62,27 BLACKWATER LODGE,MARIE FARRELL,MARTIN CRONIN,approx 2k,FALSE
ANNE HIGGINS,34,16 BARROW LODGE,,,approx 2k,FALSE
MARTIN BROWNE,48,10 L%FFEY LODGE,,,approx 1k,FALSE
ANNE HUGHES,30,25 LEE LODGE,MARIE BRENNAN,,approx 1k,FALSE
JOHN BUTLER,35,14 CORRIB VI$W,,,approx 500,FALSE
DAVID NOLAN,36,26 SLANEY LODGE,MICHAEL CLARKE,,approx 1k,FALSE
NOEL CAHILL,22,11 CAMAC GROVE,ANNE ROCHE,,approx 3k,FALSE
ANNE KEANE,28,28 SUIR DRIVE,MARIE DUNNE,,approx 500,FALSE
WILLIAM KEANE,36,4 CAMAC GLADE,,,approx 3k,FALSE
JOSEPH QUINN,23,4 BLACKWATER GROVE,,,approx 1k,FALSE
ANNE KAVANAGH,45,11 BLACKWATER LODGE,,,approx 2k,FALSE
GERARD DUNNE,33,21 SLANEY LODGE,,,approx 500,FALSE
PATRICK MURPHY,24,5 SHANNON TERRACE,NOEL CAHILL,,approx 1k,TRUE
JOHN MCGRATH,53,6 SHAN*ON GARDENS,,,approx 1k,FALSE
STEPHEN OSULLIVAN,29,3 SEVERN TERRACE,WILLIAM OSHEA,THOMAS WALSH,approx 3k,FALSE
PATRICK BURKE,22,20 SUIR GLADE,,,approx 500,FALSE
ROBERT OSULLIVAN,25,26 CAMAC LODGE,GERARD WHITE,,approx 500,FALSE
ANTHONY FARRELL,42,30 BARROW GROVE,,,approx 500,FALSE
THOMAS COLLINS,36,6 CAMAC DRIVE,,,approx 500,FALSE
MARTIN KEANE,35,9 LIFFEY DRIVE,,,approx 1k,FALSE
HELEN PHELAN,36,8 SEVERN TERRACE,DANIEL KELLEHER,DEIRDRE PHELAN,approx 2k,TRUE
PETER OBRIEN,31,5 CORRIB LODGE,ROBERT NOLAN,,approx 500,FALSE
ROBERT OBRIEN,53,9 THAMES TERRACE,,,approx 500,FALSE
MARY MAGUIRE,21,17 BLACKWATER LODGE,,,approx 2k,FALSE
PATRICK ODONNELL,45,11 LEE PARK,,,approx 1k,FALSE
MARY MARTIN,66,9 THAMES GARDENS,JAMES COLLINS,,approx 2k,FALSE
RICHARD OREGAN,45,11 SEVERN LAWNS,RICHARD OROURKE,LIAM KELLEHER,approx 500,TRUE
DAVID MCGRATH,53,26 CORRIB GROVE,,,approx 2k,FALSE
JOHN SHEEHAN,50,17 SUIR PARK,,,approx 500,FALSE
WILLIAM HUGHES,76,12 CAMAC LODGE,KEVIN ODRISCOLL,,approx 500,FALSE
KEVIN BURKE,78,3 SEVERN LAWNS,,,approx 2k,FALSE
NOEL CAHILL,47,9 DODDER LODGE,,,above 3k,FALSE
RICHARD PHELAN,54,7 THAMES LAWNS,,,approx 500,TRUE
MARY BUTLER,52,21 DODDER DRIVE,,,approx 1k,FALSE
MICHAEL SMITH,30,7 LEE PARK,,,approx 500,FALSE
MARK KAVANAGH,48,16 SUIR GROVE,,,approx 500,FALSE
PETER OCONNELL,27,1 CORRIB LODGE,,,approx 1k,FALSE
NOEL CURRAN,34,21 SUIR VIEW,,,approx 1k,FALSE
THOMAS FARRELL,36,17 SLANEY PARK,,,approx 500,FALSE
WILLIAM OBRIEN,58,27 BOYNE GROVE,,,approx 2k,FALSE
WILLIAM BROWNE,35,15 SUIR GROVE,ANNE CARROLL,,approx 500,FALSE
JOHN QUINN,74,23 BARROW GLADE,,,approx 1k,FALSE
MARY GRIFFIN,29,16 SUIR VIEW,,,approx 2k,FALSE
MICHAEL NOLAN,36,30 BARROW GROVE,,,approx 500,FALSE
FRANCIS MCDERMOTT,24,20 LIFFEY LODGE,,,approx 1k,FALSE
MARY WALSH,24,10 SUIR GROVE,,,approx 500,FALSE
LIAM CURRAN,37,1 SLANEY VIEW,DEIRDRE PHELAN,JOHN POWER,approx 500,TRUE
PETER SMITH,20,15 CORRIB PARK,,,approx 2k,FALSE
JOSEPH BRENNAN,34,28 CORRIB GLADE,,,approx 2k,FALSE
JOHN DUNNE,56,5 CORRIB LODGE,,,approx 3k,FALSE
MARY KAVANAGH,47,21 CAMAC GROVE,MICHAEL MCNAMARA,ROBERT MCGRATH,approx 1k,FALSE
MARTIN CULLEN,24,6 SEVERN LAWNS,,,approx 2k,FALSE
ANNE WHITE,34,22 BOYNE PARK,MICHAEL WHITE,,approx 2k,FALSE
JAMES OBRIEN,33,4 SHANNON LAWNS,,,approx 2k,FALSE
MARTIN CARROLL,30,18 CAMAC GLADE,,,approx 500,FALSE
THOMAS BURKE,53,12 DODDER VIEW,,,approx 3k,FALSE
KEVIN FARRELL,44,18 CAMAC VIEW,,,approx 1k,FALSE
PETER QUINN,57,13 CORRIB VIEW,,,approx 1k,FALSE
STEPHEN HIGGINS,40,3 SEVERN LAWNS,JOSEPH BUTLER,MICHAEL BROWNE,approx 1k,FALSE
BRIAN HIGGINS,35,6 CAMAC LODGE,,,approx 3k,FALSE
JOSEPH GRIFFIN,22,25 BLACKWATER PARK,,,approx 1k,FALSE
JOSEPH DUNNE,81,17 LIFFEY LODGE,,,approx 2k,FALSE
MICHAEL DUNNE,25,15 SLANEY LODGE,,,approx 1k,FALSE
SEAN MCDONNELL,72,3 SHANNON GARDENS,,,approx 500,FALSE
MARIE ONEILL,25,13 DODDER GROVE,,,approx 2k,FALSE
STEPHEN ROCHE,30,22 LIFFEY VIEW,MARK BROWNE,,approx 3k,FALSE
MARIE MCCORMACK,44,21 BOYNE PARK,,,approx 1k,FALSE
MARY MCDONAGH,27,25 CORRIB GLADE,,,approx 1k,FALSE
KEVIN OCONNOR,35,2 BARROW LODGE,,,approx 500,FALSE
MARY ODONNELL,70,5 DODDER VIEW,ANNE OCONNELL,,approx 500,FALSE
DAVID OCONNELL,29,3 BARROW VIEW,,,above 3k,FALSE
MARY MCMAHON,40,25 BLACKWATER GROVE,,,approx 3k,FALSE
GERARD MCMAHON,20,10 LIFFEY LODGE,JOHN BURKE,,approx 2k,FALSE
ROBERT HUGHES,73,17 LIFFEY LODGE,,,approx 500,FALSE
MARIE OSHEA,41,2 SEVERN GARDENS,,,approx 500,FALSE
ROBERT MCDONNELL,48,23 BLACKWATER LODGE,PETER MCGRATH,MARIE MCMAHON,approx 500,FALSE
SEAN SHEEHAN,21,7 BOYNE LODGE,JOHN ODONOVAN,,approx 1k,FALSE
JOHN OKEEFFE,24,30 BARROW LODGE,JOHN MAGUIRE,BRIAN MCCORMACK,approx 1k,FALSE
WILLIAM MCNAMARA,32,22 SUIR PARK,,,above 3k,FALSE
HELEN LAWLOR,54,20 CAMAC LODGE,,,approx 1k,FALSE
PETER CRONIN,67,11 CAMAC LODGE,PAUL MCCORMACK,,approx 500,FALSE
ROBERT CARROLL,22,27 BARROW VIEW,,,approx 2k,FALSE
MARY CULLEN,33,14 CAMAC PARK,,,approx 1k,FALSE
MARTIN MOORE,24,29 CORRIB DRIVE,,,approx 3k,FALSE
PATRICK ROCHE,39,19 LEE LODGE,,,approx 500,FALSE
MICHAEL MORAN,43,7 BARROW DRIVE,,,approx 1k,FALSE
MARIE MOORE,59,"2 LI%""?Y VIEW",,,approx 1k,FALSE
KEVIN BUTLER,79,9 LEE LODGE,FRANCIS CURRAN,JOHN COLLINS,approx 3k,FALSE
STEPHEN ODONOGHUE,51,25 DODDER LODGE,,,approx 500,FALSE
HELEN MCDERMOTT,21,9 SUIR PARK,RICHARD CAHILL,DEIRDRE KELLEHER,approx 1k,TRUE
MARK DUNNE,34,3 CORRIB PARK,,,approx 2k,FALSE
STEPHEN ODONOGHUE,34,3 THAMES TERRACE,DAVID BURKE,,approx 1k,FALSE
PETER MCMAHON,47,7 BLACKWATER VIEW,,,above 3k,FALSE
MARIE COLLINS,28,21 BOYNE VIEW,MARIE MAHER,,approx 500,FALSE
ROBERT BRENNAN,33,30 DODDER GROVE,,,approx 2k,FALSE
ANNE MURPHY,53,18 CAMAC VIEW,,,approx 1k,FALSE
NOEL MCDERMOTT,37,25 SLANEY GLADE,ROBERT ODRISCOLL,,approx 500,TRUE
ROBERT WHELAN,42,28 SLANEY PARK,,,approx 500,FALSE
JOSEPH HUGHES,49,29 DODDER GLADE,,,approx 2k,FALSE
KEVIN CLARKE,36,14 BOYNE GLADE,,,approx 1k,FALSE
LIAM PHELAN,27,2 THAMES COURT,NOEL KEOGH,HELEN CURRAN,approx 500,TRUE
PAUL KEANE,31,4 SEVERN GARDENS,,,approx 1k,FALSE
JOHN SMITH,57,22 SLANEY LODGE,,,approx 2k,FALSE
JAMES MURPHY,51,13 LIFFEY GLADE,,,approx 500,FALSE
MARY WHITE,23,11 BARROW VIEW,MARY ROCHE,,approx 1k,FALSE
WILLIAM OBRIEN,55,29 CORRIB DRIVE,,,approx 1k,FALSE
JAMES OCONNELL,74,8 LIFFEY DRIVE,,,approx 1k,FALSE
MARTIN BURKE,52,6 DODDER VIEW,,,approx 500,FALSE
BRIAN MCMAHON,37,29 BARROW DRIVE,,,approx 1k,FALSE
STEPHEN CARROLL,21,26 SLANEY LODGE,ANTHONY NOLAN,,approx 500,FALSE
MARIE WHITE,27,5 SEVERN GARDENS,DANIEL PHELAN,,approx 1k,TRUE
ROBERT HIGGINS,58,24 CORRIB GROVE,,,approx 1k,FALSE
JAMES QUINN,35,5 SLANEY DRIVE,PATRICK MCNAMARA,,approx 500,FALSE
DEIRDRE OROURKE,23,5 SHANNON LAWNS,NOEL CAHILL,FRANCIS OROURKE,approx 500,TRUE
MARTIN WALSH,29,24 CAMAC LODGE,,,approx 1k,FALSE
GERARD MCNAMARA,55,15 CORRIB VIEW,KEVIN OKEEFFE,JOSEPH CRONIN,approx 1k,FALSE
RICHARD CURRAN,53,8 SLANEY VIEW,,,approx 1k,FALSE
SEAN MCNAMARA,22,21 CORRIB GROVE,,,approx 3k,FALSE
JOHN MCDONAGH,20,7 BLACKWATER VIEW,,,approx 2k,FALSE
LIAM CAHILL,37,9 THAMES LAWNS,RICHARD LAWLOR,RICHARD CURRAN,approx 500,TRUE
SEAN OBRIEN,34,12 SEVERN TERRACE,,,approx 2k,FALSE
THOMAS OCONNELL,39,4 CAMAC LODGE,MICHAEL WALSH,,approx 1k,FALSE
JOHN MCDONNELL,36,15 BARROW VIEW,JAMES ROCHE,,approx 1k,FALSE
PATRICK BROWNE,23,3 LIFFEY GROVE,,,approx 2k,FALSE
ROBERT ROCHE,29,29 SLANEY LODGE,ANTHONY OSHEA,,approx 2k,FALSE
DANIEL KEOGH,39,1 THAMES TERRACE,HELEN KELLEHER,,approx 500,TRUE
ANNE BUTLER,21,23 DODDER LODGE,WILLIAM MCNAMARA,,approx 2k,FALSE
STEPHEN SMITH,48,27 SLANEY VIEW,THOMAS BRENNAN,,approx 1k,FALSE
PETER MARTIN,23,23 C+_AC GLADE,,,approx 2k,FALSE
PETER MAHER,60,10 THAMES LAWNS,JAMES MOORE,,approx 2k,FALSE
THOMAS WALSH,29,25 CAMAC GROVE,ANTHONY CLARKE,,approx 1k,FALSE
PETER GALLAGHER,44,23 BLACKWATER GROVE,MICHAEL BRENNAN,,approx 1k,FALSE
ANTHONY CRONIN,33,22 SLANEY LODGE,,,approx 1k,FALSE
ANNE OCONNELL,60,26 BLACKWATER LODGE,,,approx 2k,FALSE
WILLIAM MCNAMARA,41,23 SUIR VIEW,,,above 3k,FALSE
JOHN BUTLER,47,27 LIFFEY DRIVE,,,above 3k,FALSE
MARTIN SHEEHAN,83,1 SLANEY LODGE,THOMAS SHEEHAN,,approx 2k,FALSE
MARY DUNNE,67,12 BLACKWATER GLADE,KEVIN HOGAN,,approx 500,FALSE
ANNE BROWNE,78,6 BARROW PARK,,,approx 2k,FALSE
PAUL OKEEFFE,58,28 BARROW LODGE,,,approx 1k,FALSE
HELEN MCDERMOTT,25,2 SEVERN TERRACE,DANIEL MCDERMOTT,LIAM OREGAN,approx 1k,TRUE
KEVIN BRENNAN,73,5 SLANEY GLADE,,,approx 2k,FALSE
HELEN CAHILL,45,5 SEVERN LAWNS,MARTIN KAVANAGH,LIAM KELLEHER,approx 500,TRUE
GERARD OSULLIVAN,54,5 SEVERN COURT,,,above 3k,FALSE
ANTHONY POWER,54,20 CORRIB VIEW,,,approx 3k,FALSE
LIAM KEOGH,36,17 BARROW LODGE,,,approx 1k,FALSE
MARIE MURPHY,31,20 SLANEY LODGE,,,approx 1k,FALSE
MARK CRONIN,43,30 DODDER LODGE,ROBERT HIGGINS,,approx 1k,FALSE
GERARD WALSH,37,11 LEE GLADE,,,approx 1k,FALSE
KEVIN MAHER,54,10 SLANEY GLADE,KEVIN ODRISCOLL,,approx 2k,FALSE
DANIEL KELLEHER,39,6 THAMES GARDENS,RICHARD OROURKE,MARK ODONNELL,approx 500,TRUE
SEAN CLARKE,81,18 CORRIB GROVE,,,approx 2k,FALSE
PATRICK MCNAMARA,71,23 BLACKWATER LODGE,,,approx 3k,FALSE
KEVIN OKEEFFE,27,8 BARROW LODGE,,,approx 1k,FALSE
PATRICK MCMAHON,51,13 CAMAC GROVE,JOSEPH OCONNELL,,approx 500,FALSE
DAVID ROCHE,24,27 CAMAC LODGE,,,approx 1k,FALSE
MARY MARTIN,53,28 CORRIB LODGE,,,approx 1k,FALSE
NOEL CAHILL,49,18 LEE LODGE,,,approx 500,FALSE
MARY NOLAN,75,17 SLANEY PARK,MARK KEANE,STEPHEN WHITE,approx 3k,FALSE
MARTIN OSULLIVAN,42,6 THAMES TERRACE,,,approx 1k,FALSE
KEVIN MURPHY,24,2 SLANEY LODGE,,,approx 1k,FALSE
JOSEPH MCDONNELL,48,26 SLANEY GROVE,,,approx 2k,FALSE
DAVID MAHER,26,22 BLACKWATER DRIVE,,,approx 2k,FALSE
KEVIN BUTLER,30,28 CAMAC DRIVE,,,approx 1k,FALSE
ANTHONY ROCHE,81,10 SUIR DRIVE,,,approx 2k,FALSE
WILLIAM MURPHY,34,13 BARROW GLADE,BRIAN MCMAHON,,approx 1k,FALSE
DANIEL CAHILL,71,4 CORRIB LODGE,,,approx 500,FALSE
MICHAEL ODONOGHUE,34,25 CAMAC VIEW,WILLIAM OBRIEN,,approx 500,FALSE
MARIE MCMAHON,39,9 B&:NE GROVE,,,above 3k,FALSE
HELEN KELLEHER,30,4 SHANNON GARDENS,FRANCIS PHELAN,DEIRDRE LAWLOR,approx 2k,TRUE
WILLIAM CULLEN,39,10 SEVERN COURT,JOSEPH MURPHY,,approx 500,FALSE
MARTIN CARROLL,22,24 LIFFEY LODGE,,,approx 1k,FALSE
ANTHONY COLLINS,24,25 LIFFEY GROVE,,,approx 2k,FALSE
JOHN MOORE,22,17 CAMAC GROVE,,,approx 500,FALSE
JOSEPH COLLINS,56,26 BARROW LODGE,,,approx 1k,FALSE
ANNE OSHEA,34,30 SUIR GROVE,,,approx 3k,FALSE
MARIE MCNAMARA,38,5 THAMES LAWNS,,,approx 500,FALSE
HELEN CAHILL,30,26 CORRIB LODGE,JAMES ODONNELL,,approx 2k,FALSE
MARY OSULLIVAN,38,2 SEVERN TERRACE,,,approx 500,TRUE
WILLIAM BURKE,26,9 SHANNON COURT,,,approx 500,FALSE
ROBERT NOLAN,59,19 BLACKWATER VIEW,,,approx 3k,FALSE
PAUL WHELAN,33,1 SUIR VIEW,,,approx 1k,FALSE
PETER MOORE,24,4 CORRIB LODGE,,,above 3k,FALSE
JOHN CLARKE,61,29 BOYNE PARK,,,approx 1k,FALSE
JOHN BURKE,34,12 LEE PARK,,,approx 500,FALSE
STEPHEN NOLAN,32,23 BOYNE GLADE,PATRICK ROCHE,,approx 1k,FALSE
LIAM CURRAN,59,30 SLANEY PARK,,,approx 500,FALSE
SEAN MCCORMACK,33,23 DODDER GROVE,LIAM BARRETT,,approx 2k,FALSE
ANNE MCDONAGH,32,15 BLACKWATER LODGE,,,approx 1k,FALSE
MICHAEL MCGRATH,52,8 DODDER GROVE,,,approx 2k,FALSE
MARY HUGHES,38,3 SLANEY GLADE,,,above 3k,FALSE
SEAN OSULLIVAN,55,11 SLANEY GLADE,LIAM LAWLOR,MARK MARTIN,approx 3k,FALSE
SEAN WHITE,23,6 SUIR LODGE,PAUL GRIFFIN,,approx 500,FALSE
MARY OSULLIVAN,35,1 SLANEY VIEW,,,approx 2k,FALSE
GERARD OCONNOR,78,5 BLACKWATER PARK,PETER MARTIN,,approx 1k,FALSE
MARY COLLINS,40,8 SEVERN LAWNS,NOEL KEOGH,,approx 500,FALSE
MARIE NOLAN,30,9 SLANEY PARK,,,approx 1k,FALSE
GERARD OD<NOGHUE,40,25 SLANEY DRIVE,ANNE OBRIEN,,approx 500,FALSE
PAUL WALSH,28,5 LEE DRIVE,,,approx 500,FALSE
JOSEPH BRENNAN,51,8 LEE PARK,,,approx 1k,FALSE
KEVIN BURKE,39,19 DODDER VIEW,DAVID POWER,,approx 1k,FALSE
JAMES KAVANAGH,26,17 CAMAC DRIVE,,,approx 500,FALSE
JOHN BRENNAN,36,8 LIFFEY VIEW,MARIE NOLAN,,approx 500,FALSE
MICHAEL CARROLL,22,1 LIFFEY GROVE,,,approx 3k,FALSE
JOHN BRENNAN,32,8 BLACKWATER LODGE,ANNE OSULLIVAN,,approx 2k,FALSE
MICHAEL WALSH,50,10 BLACKWATER DRIVE,STEPHEN GALLAGHER,,approx 2k,FALSE
PATRICK BRENNAN,65,30 LIFFEY VIEW,,,approx 2k,FALSE
KEVIN GALLAGHER,20,22 CORRIB GLADE,GERARD COLLINS,,approx 2k,FALSE
ANNE MORAN,50,14 SUIR LODGE,,,approx 500,FALSE
JOHN MARTIN,48,1 SHANNON GARDENS,STEPHEN HUGHES,,approx 1k,FALSE
MARK ODONNELL,20,17 CAMAC PARK,,,approx 2k,FALSE
DANIEL CAHILL,25,5 SHANNON GARDENS,DEIRDRE CAHILL,,approx 1k,TRUE
BRIAN BROWNE,52,14 LIFFEY GLADE,,,approx 2k,FALSE
PAUL HOGAN,40,30 BLACKWATER VIEW,,,approx 500,FALSE
WILLIAM ODONOGHUE,22,26 SLANEY DRIVE,,,above 3k,FALSE
MARY WHELAN,33,22 SUIR GROVE,PETER HOGAN,,approx 2k,FALSE
MICHAEL MOORE,21,2 SHANNON TERRACE,ROBERT MCNAMARA,JAMES WHITE,approx 1k,TRUE
ROBERT WHELAN,35,10 LEE VIEW,,,approx 2k,FALSE
RICHARD CAHILL,33,9 SEVERN COURT,FRANCIS CAHILL,HELEN LAWLOR,approx 500,TRUE
MARY ONEILL,56,10 BOYNE PARK,ROBERT WHELAN,,approx 1k,FALSE
MARY MCGRATH,41,28 SL::EY LODGE,MARK SMITH,,above 3k,FALSE
GERARD OBRIEN,35,16 BARROW GROVE,,,approx 1k,FALSE
ANNE MCCORMACK,33,2 BOYNE LODGE,,,approx 1k,FALSE
BRIAN ODONOGHUE,24,9 BARROW DRIVE,,,approx 3k,FALSE
WILLIAM BROWNE,36,2 BOYNE VIEW,SEAN MCDONAGH,,approx 500,FALSE
ANTHONY MAHER,40,24 DODDER GROVE,MICHAEL MCMAHON,,approx 500,FALSE
THOMAS OCONNELL,32,8 DODDER GROVE,,,approx 500,FALSE
BRIAN OSHEA,31,2 SEVERN LAWNS,,,approx 500,FALSE
ANNE WHELAN,22,3 LIFFEY PARK,,,approx 500,FALSE
PAUL HIGGINS,30,25 LEE GROVE,MARIE ODONOGHUE,,approx 3k,FALSE
MARK GRIFFIN,32,26 CAMAC LODGE,JOHN COLLINS,,approx 500,FALSE
MARY MORAN,30,2 SLANEY VIEW,,,approx 500,FALSE
NOEL OREGAN,36,15 SUIR LODGE,NOEL KELLEHER,,approx 2k,TRUE
BRIAN MOORE,56,3 BLACKWATER VIEW,PETER OCONNOR,,approx 1k,FALSE
PAUL OKEEFFE,71,8 CORRIB PARK,,,approx 1k,FALSE
GERARD ODONOGHUE,33,16 LIFFEY GROVE,,,approx 1k,FALSE
WILLIAM OBRIEN,21,4 BARROW PARK,WILLIAM MCMAHON,THOMAS GRIFFIN,approx 500,FALSE
STEPHEN ODRISCOLL,28,16 BLACKWATER DRIVE,,,approx 500,FALSE
DEIRDRE KELLEHER,27,12 THAMES TERRACE,DEIRDRE PHELAN,DANIEL KEOGH,approx 1k,TRUE
